id,Response,key,percent_match,Scored,Condition.Number,Condition.Description,Stimuli.Cue,Stimuli.Shuffle,Stimuli.Stimuli.Notes,Procedure.Shuffle,Response.JOL,Procedure.Shuffle.1,Response.RT,Platform
w10042654_kw,love,love,1,1,2,JOL,affection,Study1,F,Study Phase,55,Recall1,12572,USM
w10150573_kaj,love,love,1,1,2,JOL,affection,Study1,F,Study Phase,90,Recall1,1334,USM
W10156412_WAGR,love,love,1,1,2,JOL,affection,Study1,F,Study Phase,80,Recall1,5473,USM
w821455_akg,love,love,1,1,2,JOL,affection,Study1,F,Study Phase,80,Recall1,26899,USM
w10042654_kw,bathe,bounce,0.333333333,0,2,JOL,bat,Study1,M,Study Phase,34,Recall1,14178,USM
w10150573_kaj,,bounce,0,0,2,JOL,bat,Study1,M,Study Phase,10,Recall1,3003,USM
W10156412_WAGR,,bounce,0,0,2,JOL,bat,Study1,M,Study Phase,15,Recall1,14072,USM
w821455_akg,bounce,bounce,1,1,2,JOL,bat,Study1,M,Study Phase,5,Recall1,4900,USM
w10042654_kw,box,box,1,1,2,JOL,beach,Study1,M,Study Phase,30,Recall1,5265,USM
w10150573_kaj,box,box,1,1,2,JOL,beach,Study1,M,Study Phase,10,Recall1,1976,USM
W10156412_WAGR,box,box,1,1,2,JOL,beach,Study1,M,Study Phase,15,Recall1,3655,USM
w821455_akg,box,box,1,1,2,JOL,beach,Study1,M,Study Phase,35,Recall1,2579,USM
w10042654_kw,birthnight,pie,0.1,0,2,JOL,birthday,Study1,M,Study Phase,50,Recall1,13560,USM
w10150573_kaj,,pie,0,0,2,JOL,birthday,Study1,M,Study Phase,10,Recall1,4289,USM
W10156412_WAGR,pie,pie,1,1,2,JOL,birthday,Study1,M,Study Phase,35,Recall1,2138,USM
w821455_akg,pie,pie,1,1,2,JOL,birthday,Study1,M,Study Phase,10,Recall1,40060,USM
w10042654_kw,food,hand,0.25,0,2,JOL,cake,Study1,U,Study Phase,45,Recall1,8548,USM
w10150573_kaj,,hand,0,0,2,JOL,cake,Study1,U,Study Phase,0,Recall1,1759,USM
W10156412_WAGR,hand,hand,1,1,2,JOL,cake,Study1,U,Study Phase,40,Recall1,1833,USM
w821455_akg,hand,hand,1,1,2,JOL,cake,Study1,U,Study Phase,11,Recall1,39138,USM
w10042654_kw,carpet,carpet,1,1,2,JOL,ceiling,Study1,M,Study Phase,58,Recall1,4962,USM
w10150573_kaj,carpet,carpet,1,1,2,JOL,ceiling,Study1,M,Study Phase,10,Recall1,2502,USM
W10156412_WAGR,carpet,carpet,1,1,2,JOL,ceiling,Study1,M,Study Phase,75,Recall1,2559,USM
w821455_akg,carpet,carpet,1,1,2,JOL,ceiling,Study1,M,Study Phase,60,Recall1,3629,USM
w10042654_kw,square,dance,0.333333333,0,2,JOL,circle,Study1,M,Study Phase,20,Recall1,6399,USM
w10150573_kaj,,dance,0,0,2,JOL,circle,Study1,M,Study Phase,60,Recall1,973,USM
W10156412_WAGR,dance,dance,1,1,2,JOL,circle,Study1,M,Study Phase,75,Recall1,4081,USM
w821455_akg,dance,dance,1,1,2,JOL,circle,Study1,M,Study Phase,50,Recall1,7684,USM
w10042654_kw,pop,election,0.125,0,2,JOL,crackle,Study1,U,Study Phase,10,Recall1,3805,USM
w10150573_kaj,engine,election,0.5,0,2,JOL,crackle,Study1,U,Study Phase,0,Recall1,2435,USM
W10156412_WAGR,,election,0,0,2,JOL,crackle,Study1,U,Study Phase,0,Recall1,2901,USM
w821455_akg,election,election,1,1,2,JOL,crackle,Study1,U,Study Phase,0,Recall1,32750,USM
w10042654_kw,card,card,1,1,2,JOL,credit,Study1,F,Study Phase,98,Recall1,3175,USM
w10150573_kaj,card,card,1,1,2,JOL,credit,Study1,F,Study Phase,100,Recall1,2078,USM
W10156412_WAGR,card,card,1,1,2,JOL,credit,Study1,F,Study Phase,100,Recall1,1925,USM
w821455_akg,card,card,1,1,2,JOL,credit,Study1,F,Study Phase,100,Recall1,2090,USM
w10042654_kw,bottle,bottle,1,1,2,JOL,cry,Study1,M,Study Phase,56,Recall1,3556,USM
w10150573_kaj,bottle,bottle,1,1,2,JOL,cry,Study1,M,Study Phase,10,Recall1,3051,USM
W10156412_WAGR,,bottle,0,0,2,JOL,cry,Study1,M,Study Phase,0,Recall1,6159,USM
w821455_akg,bottle,bottle,1,1,2,JOL,cry,Study1,M,Study Phase,75,Recall1,32395,USM
w10042654_kw,night,dark,0,0,2,JOL,day,Study1,M,Study Phase,95,Recall1,4058,USM
w10150573_kaj,weaks,dark,0.4,0,2,JOL,day,Study1,M,Study Phase,0,Recall1,3745,USM
W10156412_WAGR,dark,dark,1,1,2,JOL,day,Study1,M,Study Phase,50,Recall1,2481,USM
w821455_akg,dark,dark,1,1,2,JOL,day,Study1,M,Study Phase,85,Recall1,15275,USM
w10042654_kw,sock,bang,0,0,2,JOL,fuzzy,Study1,U,Study Phase,10,Recall1,6326,USM
w10150573_kaj,bangs,bang,0.8,1,2,JOL,fuzzy,Study1,U,Study Phase,0,Recall1,7121,USM
W10156412_WAGR,bangs,bang,0.8,1,2,JOL,fuzzy,Study1,U,Study Phase,5,Recall1,2347,USM
w821455_akg,bang,bang,1,1,2,JOL,fuzzy,Study1,U,Study Phase,15,Recall1,36099,USM
w10042654_kw,take,steak,0.8,1,2,JOL,give,Study1,U,Study Phase,30,Recall1,7964,USM
w10150573_kaj,take,steak,0.8,1,2,JOL,give,Study1,U,Study Phase,50,Recall1,3168,USM
W10156412_WAGR,,steak,0,0,2,JOL,give,Study1,U,Study Phase,4,Recall1,3800,USM
w821455_akg,streak,steak,0.833333333,1,2,JOL,give,Study1,U,Study Phase,15,Recall1,35834,USM
w10042654_kw,soft,cotton,0.333333333,0,2,JOL,hard,Study1,M,Study Phase,15,Recall1,7412,USM
w10150573_kaj,,cotton,0,0,2,JOL,hard,Study1,M,Study Phase,0,Recall1,1229,USM
W10156412_WAGR,cotton,cotton,1,1,2,JOL,hard,Study1,M,Study Phase,5,Recall1,4164,USM
w821455_akg,cotton,cotton,1,1,2,JOL,hard,Study1,M,Study Phase,0,Recall1,17357,USM
w10042654_kw,hair,wheel,0.2,0,2,JOL,horse,Study1,M,Study Phase,35,Recall1,5686,USM
w10150573_kaj,,wheel,0,0,2,JOL,horse,Study1,M,Study Phase,10,Recall1,2602,USM
W10156412_WAGR,wheel,wheel,1,1,2,JOL,horse,Study1,M,Study Phase,55,Recall1,3913,USM
w821455_akg,wheel,wheel,1,1,2,JOL,horse,Study1,M,Study Phase,50,Recall1,2192,USM
w10042654_kw,clean,clean,1,1,2,JOL,hygiene,Study1,F,Study Phase,89,Recall1,5160,USM
w10150573_kaj,clean,clean,1,1,2,JOL,hygiene,Study1,F,Study Phase,90,Recall1,2830,USM
W10156412_WAGR,clean,clean,1,1,2,JOL,hygiene,Study1,F,Study Phase,90,Recall1,2284,USM
w821455_akg,clean,clean,1,1,2,JOL,hygiene,Study1,F,Study Phase,85,Recall1,31795,USM
w10042654_kw,ring,rod,0.25,0,2,JOL,keys,Study1,U,Study Phase,10,Recall1,6886,USM
w10150573_kaj,,rod,0,0,2,JOL,keys,Study1,U,Study Phase,0,Recall1,4175,USM
W10156412_WAGR,rod,rod,1,1,2,JOL,keys,Study1,U,Study Phase,5,Recall1,2010,USM
w821455_akg,ring,rod,0.25,0,2,JOL,keys,Study1,U,Study Phase,5,Recall1,41354,USM
w10042654_kw,stripes,stripes,1,1,2,JOL,lion,Study1,M,Study Phase,40,Recall1,3553,USM
w10150573_kaj,stripes,stripes,1,1,2,JOL,lion,Study1,M,Study Phase,20,Recall1,2550,USM
W10156412_WAGR,stripes,stripes,1,1,2,JOL,lion,Study1,M,Study Phase,5,Recall1,2355,USM
w821455_akg,stripes,stripes,1,1,2,JOL,lion,Study1,M,Study Phase,35,Recall1,3399,USM
w10042654_kw,learn,fiction,0.142857143,0,2,JOL,listen,Study1,U,Study Phase,42,Recall1,6195,USM
w10150573_kaj,,fiction,0,0,2,JOL,listen,Study1,U,Study Phase,0,Recall1,1413,USM
W10156412_WAGR,,fiction,0,0,2,JOL,listen,Study1,U,Study Phase,10,Recall1,4005,USM
w821455_akg,hear,fiction,0,0,2,JOL,listen,Study1,U,Study Phase,10,Recall1,68723,USM
w10042654_kw,dispose,trash,0.142857143,0,2,JOL,litter,Study1,F,Study Phase,80,Recall1,4636,USM
w10150573_kaj,trash,trash,1,1,2,JOL,litter,Study1,F,Study Phase,30,Recall1,2145,USM
W10156412_WAGR,,trash,0,0,2,JOL,litter,Study1,F,Study Phase,84,Recall1,3487,USM
w821455_akg,trash,trash,1,1,2,JOL,litter,Study1,F,Study Phase,65,Recall1,32018,USM
w10042654_kw,hand,phone,0.4,0,2,JOL,maze,Study1,U,Study Phase,5,Recall1,3863,USM
w10150573_kaj,,phone,0,0,2,JOL,maze,Study1,U,Study Phase,0,Recall1,1662,USM
W10156412_WAGR,,phone,0,0,2,JOL,maze,Study1,U,Study Phase,0,Recall1,7596,USM
w821455_akg,phone,phone,1,1,2,JOL,maze,Study1,U,Study Phase,0,Recall1,32700,USM
w10042654_kw,box,keys,0,0,2,JOL,meat,Study1,U,Study Phase,10,Recall1,7572,USM
w10150573_kaj,,keys,0,0,2,JOL,meat,Study1,U,Study Phase,10,Recall1,1501,USM
W10156412_WAGR,,keys,0,0,2,JOL,meat,Study1,U,Study Phase,0,Recall1,3363,USM
w821455_akg,maker,keys,0.4,0,2,JOL,meat,Study1,U,Study Phase,5,Recall1,47425,USM
w10042654_kw,maze,maroon,0.333333333,0,2,JOL,mirror,Study1,U,Study Phase,25,Recall1,55808,USM
w10150573_kaj,,maroon,0,0,2,JOL,mirror,Study1,U,Study Phase,0,Recall1,1647,USM
W10156412_WAGR,keys,maroon,0,0,2,JOL,mirror,Study1,U,Study Phase,50,Recall1,9445,USM
w821455_akg,maroon,maroon,1,1,2,JOL,mirror,Study1,U,Study Phase,20,Recall1,21051,USM
w10042654_kw,donkey,donkey,1,1,2,JOL,mule,Study1,F,Study Phase,90,Recall1,3964,USM
w10042654_kw,donkey,donkey,1,1,2,JOL,mule,Study1,F,Study Phase,90,Recall1,5667,USM
w10150573_kaj,donkey,donkey,1,1,2,JOL,mule,Study1,F,Study Phase,100,Recall1,1720,USM
w10150573_kaj,donkehy,donkey,0.857142857,1,2,JOL,mule,Study1,F,Study Phase,100,Recall1,1532,USM
W10156412_WAGR,donkey,donkey,1,1,2,JOL,mule,Study1,F,Study Phase,90,Recall1,2195,USM
W10156412_WAGR,donkey,donkey,1,1,2,JOL,mule,Study1,F,Study Phase,90,Recall1,3993,USM
w821455_akg,donkey,donkey,1,1,2,JOL,mule,Study1,F,Study Phase,90,Recall1,4467,USM
w821455_akg,donkey,donkey,1,1,2,JOL,mule,Study1,F,Study Phase,90,Recall1,3706,USM
w10042654_kw,sleep,sleep,1,1,2,JOL,nap,Study1,F,Study Phase,56,Recall1,8768,USM
w10150573_kaj,sleep,sleep,1,1,2,JOL,nap,Study1,F,Study Phase,80,Recall1,1847,USM
W10156412_WAGR,sleep,sleep,1,1,2,JOL,nap,Study1,F,Study Phase,95,Recall1,1743,USM
w821455_akg,sleep,sleep,1,1,2,JOL,nap,Study1,F,Study Phase,90,Recall1,38508,USM
w10042654_kw,flower,flower,1,1,2,JOL,orchid,Study1,F,Study Phase,64,Recall1,3340,USM
w10150573_kaj,flower,flower,1,1,2,JOL,orchid,Study1,F,Study Phase,90,Recall1,1450,USM
W10156412_WAGR,flower,flower,1,1,2,JOL,orchid,Study1,F,Study Phase,85,Recall1,2488,USM
w821455_akg,flower,flower,1,1,2,JOL,orchid,Study1,F,Study Phase,90,Recall1,23348,USM
w10042654_kw,plant,plant,1,1,2,JOL,root,Study1,F,Study Phase,80,Recall1,10662,USM
w10150573_kaj,tree,plant,0.2,0,2,JOL,root,Study1,F,Study Phase,30,Recall1,1919,USM
W10156412_WAGR,plant,plant,1,1,2,JOL,root,Study1,F,Study Phase,85,Recall1,2006,USM
w821455_akg,plant,plant,1,1,2,JOL,root,Study1,F,Study Phase,75,Recall1,14073,USM
w10042654_kw,soft,silk,0.25,0,2,JOL,rough,Study1,M,Study Phase,10,Recall1,3527,USM
w10150573_kaj,,silk,0,0,2,JOL,rough,Study1,M,Study Phase,10,Recall1,1135,USM
W10156412_WAGR,silk,silk,1,1,2,JOL,rough,Study1,M,Study Phase,15,Recall1,2711,USM
w821455_akg,silk,silk,1,1,2,JOL,rough,Study1,M,Study Phase,5,Recall1,2217,USM
w10042654_kw,head,head,1,1,2,JOL,scalp,Study1,F,Study Phase,45,Recall1,5876,USM
w10150573_kaj,head,head,1,1,2,JOL,scalp,Study1,F,Study Phase,80,Recall1,2602,USM
W10156412_WAGR,head,head,1,1,2,JOL,scalp,Study1,F,Study Phase,90,Recall1,2656,USM
w821455_akg,head,head,1,1,2,JOL,scalp,Study1,F,Study Phase,20,Recall1,18213,USM
w10042654_kw,shock,shake,0.6,0,2,JOL,shell,Study1,U,Study Phase,30,Recall1,4897,USM
w10150573_kaj,sea,shake,0.6,0,2,JOL,shell,Study1,U,Study Phase,25,Recall1,4911,USM
W10156412_WAGR,spin,shake,0.2,0,2,JOL,shell,Study1,U,Study Phase,10,Recall1,3505,USM
w821455_akg,shake,shake,1,1,2,JOL,shell,Study1,U,Study Phase,12,Recall1,30828,USM
w10042654_kw,initial,tick,0.285714286,0,2,JOL,sign,Study1,U,Study Phase,10,Recall1,7604,USM
w10150573_kaj,,tick,0,0,2,JOL,sign,Study1,U,Study Phase,0,Recall1,1606,USM
W10156412_WAGR,,tick,0,0,2,JOL,sign,Study1,U,Study Phase,0,Recall1,4274,USM
w821455_akg,tick,tick,1,1,2,JOL,sign,Study1,U,Study Phase,10,Recall1,40214,USM
w10042654_kw,dip,drink,0.4,0,2,JOL,sip,Study1,F,Study Phase,72,Recall1,3360,USM
w10150573_kaj,drink,drink,1,1,2,JOL,sip,Study1,F,Study Phase,75,Recall1,1630,USM
W10156412_WAGR,drink,drink,1,1,2,JOL,sip,Study1,F,Study Phase,75,Recall1,4595,USM
w821455_akg,drink,drink,1,1,2,JOL,sip,Study1,F,Study Phase,80,Recall1,2837,USM
w10042654_kw,later,belt,0.6,0,2,JOL,soon,Study1,U,Study Phase,15,Recall1,4399,USM
w10150573_kaj,,belt,0,0,2,JOL,soon,Study1,U,Study Phase,40,Recall1,1525,USM
W10156412_WAGR,,belt,0,0,2,JOL,soon,Study1,U,Study Phase,5,Recall1,5676,USM
w821455_akg,belt,belt,1,1,2,JOL,soon,Study1,U,Study Phase,10,Recall1,37262,USM
w10042654_kw,clotj,cloth,0.8,1,2,JOL,stretch,Study1,U,Study Phase,30,Recall1,4668,USM
w10150573_kaj,,cloth,0,0,2,JOL,stretch,Study1,U,Study Phase,0,Recall1,2278,USM
W10156412_WAGR,,cloth,0,0,2,JOL,stretch,Study1,U,Study Phase,75,Recall1,3524,USM
w821455_akg,cloth,cloth,1,1,2,JOL,stretch,Study1,U,Study Phase,45,Recall1,31503,USM
w10042654_kw,bird,bird,1,1,2,JOL,swan,Study1,F,Study Phase,89,Recall1,3584,USM
w10150573_kaj,bird,bird,1,1,2,JOL,swan,Study1,F,Study Phase,70,Recall1,1696,USM
W10156412_WAGR,bird,bird,1,1,2,JOL,swan,Study1,F,Study Phase,95,Recall1,1962,USM
w821455_akg,bird,bird,1,1,2,JOL,swan,Study1,F,Study Phase,85,Recall1,3508,USM
w10042654_kw,morning,morning,1,1,2,JOL,temperature,Study1,U,Study Phase,90,Recall1,5369,USM
w10150573_kaj,cold,morning,0.142857143,0,2,JOL,temperature,Study1,U,Study Phase,0,Recall1,3818,USM
W10156412_WAGR,morning,morning,1,1,2,JOL,temperature,Study1,U,Study Phase,55,Recall1,4935,USM
w821455_akg,morning,morning,1,1,2,JOL,temperature,Study1,U,Study Phase,30,Recall1,30466,USM
w10042654_kw,hair,hair,1,1,2,JOL,tooth,Study1,M,Study Phase,34,Recall1,13187,USM
w10150573_kaj,,hair,0,0,2,JOL,tooth,Study1,M,Study Phase,10,Recall1,3379,USM
W10156412_WAGR,hair,hair,1,1,2,JOL,tooth,Study1,M,Study Phase,15,Recall1,4762,USM
w821455_akg,hair,hair,1,1,2,JOL,tooth,Study1,M,Study Phase,20,Recall1,4538,USM
w10042654_kw,green,syrup,0.2,0,2,JOL,tree,Study1,M,Study Phase,45,Recall1,3110,USM
w10150573_kaj,,syrup,0,0,2,JOL,tree,Study1,M,Study Phase,50,Recall1,2262,USM
W10156412_WAGR,green,syrup,0.2,0,2,JOL,tree,Study1,M,Study Phase,80,Recall1,3943,USM
w821455_akg,syrup,syrup,1,1,2,JOL,tree,Study1,M,Study Phase,65,Recall1,63015,USM
w10042654_kw,fish,fish,1,1,2,JOL,tuna,Study1,F,Study Phase,98,Recall1,2933,USM
w10150573_kaj,,fish,0,0,2,JOL,tuna,Study1,F,Study Phase,100,Recall1,3066,USM
W10156412_WAGR,fish,fish,1,1,2,JOL,tuna,Study1,F,Study Phase,100,Recall1,1568,USM
w821455_akg,fish,fish,1,1,2,JOL,tuna,Study1,F,Study Phase,100,Recall1,1502,USM
w10042654_kw,,charm,0,0,2,JOL,vehicle,Study1,U,Study Phase,5,Recall1,7747,USM
w10150573_kaj,,charm,0,0,2,JOL,vehicle,Study1,U,Study Phase,0,Recall1,1571,USM
W10156412_WAGR,,charm,0,0,2,JOL,vehicle,Study1,U,Study Phase,5,Recall1,8199,USM
w821455_akg,drive,charm,0.2,0,2,JOL,vehicle,Study1,U,Study Phase,1,Recall1,43027,USM
w10042654_kw,money,money,1,1,2,JOL,wage,Study1,F,Study Phase,70,Recall1,13567,USM
w10150573_kaj,money,money,1,1,2,JOL,wage,Study1,F,Study Phase,50,Recall1,2432,USM
W10156412_WAGR,money,money,1,1,2,JOL,wage,Study1,F,Study Phase,90,Recall1,3078,USM
w821455_akg,money,money,1,1,2,JOL,wage,Study1,F,Study Phase,90,Recall1,9252,USM
w10042654_kw,calm,quiet,0,0,2,JOL,war,Study1,M,Study Phase,35,Recall1,4350,USM
w10150573_kaj,quiet,quiet,1,1,2,JOL,war,Study1,M,Study Phase,0,Recall1,3105,USM
W10156412_WAGR,quiet,quiet,1,1,2,JOL,war,Study1,M,Study Phase,0,Recall1,7131,USM
w821455_akg,quiet,quiet,1,1,2,JOL,war,Study1,M,Study Phase,15,Recall1,8207,USM
w10042654_kw,finger,finger,1,1,2,JOL,wedding,Study1,M,Study Phase,20,Recall1,5486,USM
w10150573_kaj,pie,finger,0.333333333,0,2,JOL,wedding,Study1,M,Study Phase,30,Recall1,5665,USM
W10156412_WAGR,finger,finger,1,1,2,JOL,wedding,Study1,M,Study Phase,25,Recall1,2644,USM
w821455_akg,ring,finger,0.666666667,0,2,JOL,wedding,Study1,M,Study Phase,5,Recall1,49229,USM
w10042654_kw,,sentence,0,0,2,JOL,word,Study1,F,Study Phase,45,Recall1,7637,USM
w10150573_kaj,sentence,sentence,1,1,2,JOL,word,Study1,F,Study Phase,100,Recall1,7492,USM
W10156412_WAGR,,sentence,0,0,2,JOL,word,Study1,F,Study Phase,65,Recall1,8151,USM
w821455_akg,sentence ,sentence,0.888888889,1,2,JOL,word,Study1,F,Study Phase,85,Recall1,11957,USM
10068469SJ,,love,0,0,4,JOL,affection,Study1,F,Study Phase2,NA,Recall2,129,USM
w10048508_zh,hug ,love,0,0,4,JOL,affection,Study1,F,Study Phase2,15,Recall2,2403,USM
w10105143_saa,love,love,1,1,4,JOL,affection,Study1,F,Study Phase2,60,Recall2,1340,USM
w10147078_err,love,love,1,1,4,JOL,affection,Study1,F,Study Phase2,100,Recall2,3135,USM
w952976AJH,love,love,1,1,4,JOL,affection,Study1,F,Study Phase2,90,Recall2,1976,USM
10068469SJ,,bounce,0,0,4,JOL,bat,Study1,M,Study Phase2,NA,Recall2,2442,USM
w10048508_zh,ball ,bounce,0.166666667,0,4,JOL,bat,Study1,M,Study Phase2,0,Recall2,2704,USM
w10105143_saa,bounce,bounce,1,1,4,JOL,bat,Study1,M,Study Phase2,60,Recall2,1896,USM
w10147078_err,,bounce,0,0,4,JOL,bat,Study1,M,Study Phase2,50,Recall2,4217,USM
w952976AJH,bounce,bounce,1,1,4,JOL,bat,Study1,M,Study Phase2,0,Recall2,4102,USM
10068469SJ,,box,0,0,4,JOL,beach,Study1,M,Study Phase2,NA,Recall2,173,USM
w10048508_zh,bucket ,box,0.142857143,0,4,JOL,beach,Study1,M,Study Phase2,0,Recall2,5436,USM
w10105143_saa,box,box,1,1,4,JOL,beach,Study1,M,Study Phase2,60,Recall2,4939,USM
w10147078_err,,box,0,0,4,JOL,beach,Study1,M,Study Phase2,60,Recall2,1398,USM
w952976AJH,box,box,1,1,4,JOL,beach,Study1,M,Study Phase2,50,Recall2,2478,USM
10068469SJ,,pie,0,0,4,JOL,birthday,Study1,M,Study Phase2,NA,Recall2,318,USM
w10048508_zh,pie,pie,1,1,4,JOL,birthday,Study1,M,Study Phase2,0,Recall2,1286,USM
w10105143_saa,pie,pie,1,1,4,JOL,birthday,Study1,M,Study Phase2,60,Recall2,1793,USM
w10147078_err,pie,pie,1,1,4,JOL,birthday,Study1,M,Study Phase2,100,Recall2,4497,USM
w952976AJH,cake,pie,0.25,0,4,JOL,birthday,Study1,M,Study Phase2,20,Recall2,3539,USM
10068469SJ,,hand,0,0,4,JOL,cake,Study1,U,Study Phase2,NA,Recall2,112,USM
w10048508_zh,pie,hand,0,0,4,JOL,cake,Study1,U,Study Phase2,1,Recall2,9677,USM
w10105143_saa,hand,hand,1,1,4,JOL,cake,Study1,U,Study Phase2,80,Recall2,3666,USM
w10147078_err,gand,hand,0.75,1,4,JOL,cake,Study1,U,Study Phase2,12,Recall2,4363,USM
w952976AJH,eat,hand,0.25,0,4,JOL,cake,Study1,U,Study Phase2,80,Recall2,3445,USM
10068469SJ,,carpet,0,0,4,JOL,ceiling,Study1,M,Study Phase2,NA,Recall2,222,USM
w10048508_zh,floor ,carpet,0.166666667,0,4,JOL,ceiling,Study1,M,Study Phase2,0,Recall2,2543,USM
w10105143_saa,carpet,carpet,1,1,4,JOL,ceiling,Study1,M,Study Phase2,70,Recall2,3515,USM
w10147078_err,carpet,carpet,1,1,4,JOL,ceiling,Study1,M,Study Phase2,100,Recall2,3690,USM
w952976AJH,carpet,carpet,1,1,4,JOL,ceiling,Study1,M,Study Phase2,50,Recall2,6189,USM
10068469SJ,,dance,0,0,4,JOL,circle,Study1,M,Study Phase2,NA,Recall2,213,USM
w10048508_zh,square,dance,0.333333333,0,4,JOL,circle,Study1,M,Study Phase2,1,Recall2,5043,USM
w10105143_saa,dance,dance,1,1,4,JOL,circle,Study1,M,Study Phase2,70,Recall2,2563,USM
w10147078_err,,dance,0,0,4,JOL,circle,Study1,M,Study Phase2,20,Recall2,3404,USM
w952976AJH,round,dance,0.4,0,4,JOL,circle,Study1,M,Study Phase2,20,Recall2,2784,USM
10068469SJ,,election,0,0,4,JOL,crackle,Study1,U,Study Phase2,NA,Recall2,13,USM
w10048508_zh,pop,election,0.125,0,4,JOL,crackle,Study1,U,Study Phase2,0,Recall2,1752,USM
w10105143_saa,election,election,1,1,4,JOL,crackle,Study1,U,Study Phase2,80,Recall2,4822,USM
w10147078_err,,election,0,0,4,JOL,crackle,Study1,U,Study Phase2,0,Recall2,1757,USM
w952976AJH,pop,election,0.125,0,4,JOL,crackle,Study1,U,Study Phase2,50,Recall2,2586,USM
10068469SJ,,card,0,0,4,JOL,credit,Study1,F,Study Phase2,NA,Recall2,293,USM
w10048508_zh,card ,card,0.8,1,4,JOL,credit,Study1,F,Study Phase2,50,Recall2,3153,USM
w10105143_saa,card,card,1,1,4,JOL,credit,Study1,F,Study Phase2,80,Recall2,1667,USM
w10147078_err,card,card,1,1,4,JOL,credit,Study1,F,Study Phase2,100,Recall2,3170,USM
w952976AJH,card,card,1,1,4,JOL,credit,Study1,F,Study Phase2,100,Recall2,1598,USM
10068469SJ,,bottle,0,0,4,JOL,cry,Study1,M,Study Phase2,NA,Recall2,152,USM
w10048508_zh,bottle,bottle,1,1,4,JOL,cry,Study1,M,Study Phase2,10,Recall2,3409,USM
w10105143_saa,,bottle,0,0,4,JOL,cry,Study1,M,Study Phase2,70,Recall2,28080,USM
w10147078_err,,bottle,0,0,4,JOL,cry,Study1,M,Study Phase2,20,Recall2,2136,USM
w952976AJH,sad,bottle,0,0,4,JOL,cry,Study1,M,Study Phase2,0,Recall2,2017,USM
10068469SJ,,dark,0,0,4,JOL,day,Study1,M,Study Phase2,NA,Recall2,95,USM
w10048508_zh,,dark,0,0,4,JOL,day,Study1,M,Study Phase2,50,Recall2,34,USM
w10105143_saa,dark,dark,1,1,4,JOL,day,Study1,M,Study Phase2,80,Recall2,4223,USM
w10147078_err,night,dark,0,0,4,JOL,day,Study1,M,Study Phase2,100,Recall2,4886,USM
w952976AJH,weak,dark,0.5,0,4,JOL,day,Study1,M,Study Phase2,0,Recall2,1852,USM
10068469SJ,,bang,0,0,4,JOL,fuzzy,Study1,U,Study Phase2,NA,Recall2,123,USM
w10048508_zh,hard,bang,0.25,0,4,JOL,fuzzy,Study1,U,Study Phase2,1,Recall2,5147,USM
w10105143_saa,bang,bang,1,1,4,JOL,fuzzy,Study1,U,Study Phase2,80,Recall2,4502,USM
w10147078_err,,bang,0,0,4,JOL,fuzzy,Study1,U,Study Phase2,20,Recall2,2713,USM
w952976AJH,bang,bang,1,1,4,JOL,fuzzy,Study1,U,Study Phase2,0,Recall2,2055,USM
10068469SJ,,steak,0,0,4,JOL,give,Study1,U,Study Phase2,NA,Recall2,303,USM
w10048508_zh,take ,steak,0.8,1,4,JOL,give,Study1,U,Study Phase2,0,Recall2,2489,USM
w10105143_saa,steak,steak,1,1,4,JOL,give,Study1,U,Study Phase2,30,Recall2,3282,USM
w10147078_err,,steak,0,0,4,JOL,give,Study1,U,Study Phase2,50,Recall2,885,USM
w952976AJH,receive,steak,0.142857143,0,4,JOL,give,Study1,U,Study Phase2,20,Recall2,4478,USM
10068469SJ,,cotton,0,0,4,JOL,hard,Study1,M,Study Phase2,NA,Recall2,211,USM
w10048508_zh,soft ,cotton,0.333333333,0,4,JOL,hard,Study1,M,Study Phase2,0,Recall2,6079,USM
w10105143_saa,cotton,cotton,1,1,4,JOL,hard,Study1,M,Study Phase2,30,Recall2,7058,USM
w10147078_err,,cotton,0,0,4,JOL,hard,Study1,M,Study Phase2,100,Recall2,1308,USM
w952976AJH,soft,cotton,0.333333333,0,4,JOL,hard,Study1,M,Study Phase2,0,Recall2,2667,USM
10068469SJ,,wheel,0,0,4,JOL,horse,Study1,M,Study Phase2,NA,Recall2,74,USM
w10048508_zh,donkey ,wheel,0.142857143,0,4,JOL,horse,Study1,M,Study Phase2,1,Recall2,2641,USM
w10105143_saa,wheel,wheel,1,1,4,JOL,horse,Study1,M,Study Phase2,50,Recall2,5004,USM
w10147078_err,,wheel,0,0,4,JOL,horse,Study1,M,Study Phase2,50,Recall2,1440,USM
w952976AJH,stable,wheel,0.333333333,0,4,JOL,horse,Study1,M,Study Phase2,10,Recall2,2431,USM
10068469SJ,,clean,0,0,4,JOL,hygiene,Study1,F,Study Phase2,NA,Recall2,9,USM
w10048508_zh,clean ,clean,0.833333333,1,4,JOL,hygiene,Study1,F,Study Phase2,20,Recall2,4175,USM
w10105143_saa,clean,clean,1,1,4,JOL,hygiene,Study1,F,Study Phase2,50,Recall2,4504,USM
w10147078_err,clean,clean,1,1,4,JOL,hygiene,Study1,F,Study Phase2,100,Recall2,3303,USM
w952976AJH,clean,clean,1,1,4,JOL,hygiene,Study1,F,Study Phase2,100,Recall2,1729,USM
10068469SJ,,rod,0,0,4,JOL,keys,Study1,U,Study Phase2,NA,Recall2,115,USM
w10048508_zh,key,rod,0,0,4,JOL,keys,Study1,U,Study Phase2,3,Recall2,3156,USM
w10105143_saa,rod,rod,1,1,4,JOL,keys,Study1,U,Study Phase2,15,Recall2,10073,USM
w10147078_err,,rod,0,0,4,JOL,keys,Study1,U,Study Phase2,20,Recall2,3007,USM
w952976AJH,meat,rod,0,0,4,JOL,keys,Study1,U,Study Phase2,50,Recall2,3216,USM
10068469SJ,,stripes,0,0,4,JOL,lion,Study1,M,Study Phase2,NA,Recall2,238,USM
w10048508_zh,stripes ,stripes,0.875,1,4,JOL,lion,Study1,M,Study Phase2,40,Recall2,4352,USM
w10105143_saa,stripes,stripes,1,1,4,JOL,lion,Study1,M,Study Phase2,80,Recall2,3019,USM
w10147078_err,stripes,stripes,1,1,4,JOL,lion,Study1,M,Study Phase2,50,Recall2,4740,USM
w952976AJH,roar,stripes,0.142857143,0,4,JOL,lion,Study1,M,Study Phase2,50,Recall2,1825,USM
10068469SJ,,fiction,0,0,4,JOL,listen,Study1,U,Study Phase2,NA,Recall2,270,USM
w10048508_zh,ignore ,fiction,0.428571429,0,4,JOL,listen,Study1,U,Study Phase2,NA,Recall2,4159,USM
w10105143_saa,,fiction,0,0,4,JOL,listen,Study1,U,Study Phase2,70,Recall2,11036,USM
w10147078_err,,fiction,0,0,4,JOL,listen,Study1,U,Study Phase2,0,Recall2,1141,USM
w952976AJH,respond,fiction,0.285714286,0,4,JOL,listen,Study1,U,Study Phase2,50,Recall2,5901,USM
10068469SJ,,trash,0,0,4,JOL,litter,Study1,F,Study Phase2,NA,Recall2,274,USM
w10048508_zh,trash ,trash,0.833333333,1,4,JOL,litter,Study1,F,Study Phase2,10,Recall2,2439,USM
w10105143_saa,trash,trash,1,1,4,JOL,litter,Study1,F,Study Phase2,40,Recall2,3029,USM
w10147078_err,,trash,0,0,4,JOL,litter,Study1,F,Study Phase2,100,Recall2,1945,USM
w952976AJH,trash,trash,1,1,4,JOL,litter,Study1,F,Study Phase2,100,Recall2,2224,USM
10068469SJ,,phone,0,0,4,JOL,maze,Study1,U,Study Phase2,NA,Recall2,285,USM
w10048508_zh,puzzle,phone,0.333333333,0,4,JOL,maze,Study1,U,Study Phase2,0,Recall2,4257,USM
w10105143_saa,phone,phone,1,1,4,JOL,maze,Study1,U,Study Phase2,50,Recall2,1883,USM
w10147078_err,,phone,0,0,4,JOL,maze,Study1,U,Study Phase2,0,Recall2,2252,USM
w952976AJH,corn,phone,0.4,0,4,JOL,maze,Study1,U,Study Phase2,10,Recall2,1814,USM
10068469SJ,,keys,0,0,4,JOL,meat,Study1,U,Study Phase2,NA,Recall2,220,USM
w10048508_zh,tender ,keys,0.142857143,0,4,JOL,meat,Study1,U,Study Phase2,0,Recall2,4368,USM
w10105143_saa,key,keys,0.75,1,4,JOL,meat,Study1,U,Study Phase2,60,Recall2,7141,USM
w10147078_err,,keys,0,0,4,JOL,meat,Study1,U,Study Phase2,0,Recall2,6190,USM
w952976AJH,eat,keys,0.25,0,4,JOL,meat,Study1,U,Study Phase2,0,Recall2,2793,USM
10068469SJ,,maroon,0,0,4,JOL,mirror,Study1,U,Study Phase2,NA,Recall2,201,USM
w10048508_zh,reflection ,maroon,0.272727273,0,4,JOL,mirror,Study1,U,Study Phase2,0,Recall2,4077,USM
w10105143_saa,maroon,maroon,1,1,4,JOL,mirror,Study1,U,Study Phase2,30,Recall2,2609,USM
w10147078_err,maroon,maroon,1,1,4,JOL,mirror,Study1,U,Study Phase2,50,Recall2,3445,USM
w952976AJH,child,maroon,0,0,4,JOL,mirror,Study1,U,Study Phase2,20,Recall2,3579,USM
10068469SJ,,donkey,0,0,4,JOL,mule,Study1,F,Study Phase2,NA,Recall2,125,USM
10068469SJ,,donkey,0,0,4,JOL,mule,Study1,F,Study Phase2,NA,Recall2,97,USM
w10048508_zh,donkey,donkey,1,1,4,JOL,mule,Study1,F,Study Phase2,20,Recall2,4017,USM
w10048508_zh,donkey,donkey,1,1,4,JOL,mule,Study1,F,Study Phase2,10,Recall2,3182,USM
w10105143_saa,donkey,donkey,1,1,4,JOL,mule,Study1,F,Study Phase2,80,Recall2,2067,USM
w10105143_saa,donkey,donkey,1,1,4,JOL,mule,Study1,F,Study Phase2,70,Recall2,2427,USM
w10147078_err,,donkey,0,0,4,JOL,mule,Study1,F,Study Phase2,100,Recall2,915,USM
w10147078_err,,donkey,0,0,4,JOL,mule,Study1,F,Study Phase2,100,Recall2,849,USM
w952976AJH,donkey,donkey,1,1,4,JOL,mule,Study1,F,Study Phase2,100,Recall2,2007,USM
w952976AJH,donkey,donkey,1,1,4,JOL,mule,Study1,F,Study Phase2,100,Recall2,2878,USM
10068469SJ,,sleep,0,0,4,JOL,nap,Study1,F,Study Phase2,NA,Recall2,140,USM
w10048508_zh,sleep,sleep,1,1,4,JOL,nap,Study1,F,Study Phase2,25,Recall2,3303,USM
w10105143_saa,sleep,sleep,1,1,4,JOL,nap,Study1,F,Study Phase2,80,Recall2,2492,USM
w10147078_err,sleep,sleep,1,1,4,JOL,nap,Study1,F,Study Phase2,100,Recall2,5878,USM
w952976AJH,sleep,sleep,1,1,4,JOL,nap,Study1,F,Study Phase2,100,Recall2,1988,USM
10068469SJ,,flower,0,0,4,JOL,orchid,Study1,F,Study Phase2,NA,Recall2,197,USM
w10048508_zh,base,flower,0.166666667,0,4,JOL,orchid,Study1,F,Study Phase2,1,Recall2,6015,USM
w10105143_saa,flower,flower,1,1,4,JOL,orchid,Study1,F,Study Phase2,60,Recall2,3491,USM
w10147078_err,flower,flower,1,1,4,JOL,orchid,Study1,F,Study Phase2,100,Recall2,4031,USM
w952976AJH,flower,flower,1,1,4,JOL,orchid,Study1,F,Study Phase2,100,Recall2,1982,USM
10068469SJ,,plant,0,0,4,JOL,root,Study1,F,Study Phase2,NA,Recall2,165,USM
w10048508_zh,tree,plant,0.2,0,4,JOL,root,Study1,F,Study Phase2,1,Recall2,3116,USM
w10105143_saa,plant,plant,1,1,4,JOL,root,Study1,F,Study Phase2,60,Recall2,3605,USM
w10147078_err,plant,plant,1,1,4,JOL,root,Study1,F,Study Phase2,100,Recall2,4779,USM
w952976AJH,beer,plant,0,0,4,JOL,root,Study1,F,Study Phase2,100,Recall2,2290,USM
10068469SJ,,silk,0,0,4,JOL,rough,Study1,M,Study Phase2,NA,Recall2,284,USM
w10048508_zh,smooth,silk,0.166666667,0,4,JOL,rough,Study1,M,Study Phase2,10,Recall2,2688,USM
w10105143_saa,silk,silk,1,1,4,JOL,rough,Study1,M,Study Phase2,50,Recall2,3237,USM
w10147078_err,silk,silk,1,1,4,JOL,rough,Study1,M,Study Phase2,100,Recall2,3823,USM
w952976AJH,slight,silk,0.5,0,4,JOL,rough,Study1,M,Study Phase2,10,Recall2,3171,USM
10068469SJ,,head,0,0,4,JOL,scalp,Study1,F,Study Phase2,NA,Recall2,193,USM
w10048508_zh,head ,head,0.8,1,4,JOL,scalp,Study1,F,Study Phase2,5,Recall2,1921,USM
w10105143_saa,head,head,1,1,4,JOL,scalp,Study1,F,Study Phase2,60,Recall2,1471,USM
w10147078_err,head,head,1,1,4,JOL,scalp,Study1,F,Study Phase2,100,Recall2,3058,USM
w952976AJH,head,head,1,1,4,JOL,scalp,Study1,F,Study Phase2,100,Recall2,1675,USM
10068469SJ,,shake,0,0,4,JOL,shell,Study1,U,Study Phase2,NA,Recall2,9,USM
w10048508_zh,hard,shake,0.4,0,4,JOL,shell,Study1,U,Study Phase2,1,Recall2,3051,USM
w10105143_saa,shake,shake,1,1,4,JOL,shell,Study1,U,Study Phase2,60,Recall2,1976,USM
w10147078_err,,shake,0,0,4,JOL,shell,Study1,U,Study Phase2,50,Recall2,2288,USM
w952976AJH,turtle,shake,0.166666667,0,4,JOL,shell,Study1,U,Study Phase2,0,Recall2,5975,USM
10068469SJ,,tick,0,0,4,JOL,sign,Study1,U,Study Phase2,NA,Recall2,246,USM
w10048508_zh,lease ,tick,0,0,4,JOL,sign,Study1,U,Study Phase2,0,Recall2,2128,USM
w10105143_saa,tick,tick,1,1,4,JOL,sign,Study1,U,Study Phase2,60,Recall2,5223,USM
w10147078_err,sick,tick,0.75,1,4,JOL,sign,Study1,U,Study Phase2,50,Recall2,4211,USM
w952976AJH,stay,tick,0.25,0,4,JOL,sign,Study1,U,Study Phase2,20,Recall2,3728,USM
10068469SJ,,drink,0,0,4,JOL,sip,Study1,F,Study Phase2,NA,Recall2,191,USM
w10048508_zh,drink ,drink,0.833333333,1,4,JOL,sip,Study1,F,Study Phase2,40,Recall2,3181,USM
w10105143_saa,drink,drink,1,1,4,JOL,sip,Study1,F,Study Phase2,60,Recall2,1746,USM
w10147078_err,drink,drink,1,1,4,JOL,sip,Study1,F,Study Phase2,100,Recall2,4669,USM
w952976AJH,drink,drink,1,1,4,JOL,sip,Study1,F,Study Phase2,100,Recall2,1874,USM
10068469SJ,,belt,0,0,4,JOL,soon,Study1,U,Study Phase2,NA,Recall2,701,USM
w10048508_zh,later ,belt,0.5,0,4,JOL,soon,Study1,U,Study Phase2,0,Recall2,2871,USM
w10105143_saa,sick,belt,0,0,4,JOL,soon,Study1,U,Study Phase2,60,Recall2,15895,USM
w10147078_err,,belt,0,0,4,JOL,soon,Study1,U,Study Phase2,0,Recall2,1749,USM
w952976AJH,later,belt,0.6,0,4,JOL,soon,Study1,U,Study Phase2,20,Recall2,1903,USM
10068469SJ,,cloth,0,0,4,JOL,stretch,Study1,U,Study Phase2,NA,Recall2,32,USM
w10048508_zh,cloth ,cloth,0.833333333,1,4,JOL,stretch,Study1,U,Study Phase2,1,Recall2,4005,USM
w10105143_saa,fabric,cloth,0.166666667,0,4,JOL,stretch,Study1,U,Study Phase2,60,Recall2,7271,USM
w10147078_err,,cloth,0,0,4,JOL,stretch,Study1,U,Study Phase2,50,Recall2,2601,USM
w952976AJH,yoga,cloth,0.2,0,4,JOL,stretch,Study1,U,Study Phase2,70,Recall2,4436,USM
10068469SJ,,bird,0,0,4,JOL,swan,Study1,F,Study Phase2,NA,Recall2,101,USM
w10048508_zh,bird ,bird,0.8,1,4,JOL,swan,Study1,F,Study Phase2,5,Recall2,3190,USM
w10105143_saa,bird,bird,1,1,4,JOL,swan,Study1,F,Study Phase2,60,Recall2,2233,USM
w10147078_err,bird,bird,1,1,4,JOL,swan,Study1,F,Study Phase2,100,Recall2,4200,USM
w952976AJH,bird,bird,1,1,4,JOL,swan,Study1,F,Study Phase2,20,Recall2,2045,USM
10068469SJ,,morning,0,0,4,JOL,temperature,Study1,U,Study Phase2,NA,Recall2,95,USM
w10048508_zh,morning ,morning,0.875,1,4,JOL,temperature,Study1,U,Study Phase2,1,Recall2,2902,USM
w10105143_saa,morning,morning,1,1,4,JOL,temperature,Study1,U,Study Phase2,80,Recall2,2284,USM
w10147078_err,morning,morning,1,1,4,JOL,temperature,Study1,U,Study Phase2,50,Recall2,6408,USM
w952976AJH,weather,morning,0.142857143,0,4,JOL,temperature,Study1,U,Study Phase2,10,Recall2,2789,USM
10068469SJ,,hair,0,0,4,JOL,tooth,Study1,M,Study Phase2,NA,Recall2,337,USM
w10048508_zh,ache,hair,0.5,0,4,JOL,tooth,Study1,M,Study Phase2,0,Recall2,5290,USM
w10105143_saa,hair,hair,1,1,4,JOL,tooth,Study1,M,Study Phase2,70,Recall2,1841,USM
w10147078_err,,hair,0,0,4,JOL,tooth,Study1,M,Study Phase2,0,Recall2,8246,USM
w952976AJH,pain,hair,0.5,0,4,JOL,tooth,Study1,M,Study Phase2,0,Recall2,2441,USM
10068469SJ,,syrup,0,0,4,JOL,tree,Study1,M,Study Phase2,NA,Recall2,154,USM
w10048508_zh,cut,syrup,0.2,0,4,JOL,tree,Study1,M,Study Phase2,0,Recall2,3927,USM
w10105143_saa,green,syrup,0.2,0,4,JOL,tree,Study1,M,Study Phase2,45,Recall2,14311,USM
w10147078_err,,syrup,0,0,4,JOL,tree,Study1,M,Study Phase2,15,Recall2,1052,USM
w952976AJH,plant,syrup,0.2,0,4,JOL,tree,Study1,M,Study Phase2,0,Recall2,3307,USM
10068469SJ,,fish,0,0,4,JOL,tuna,Study1,F,Study Phase2,NA,Recall2,160,USM
w10048508_zh,fish ,fish,0.8,1,4,JOL,tuna,Study1,F,Study Phase2,40,Recall2,1948,USM
w10105143_saa,fish,fish,1,1,4,JOL,tuna,Study1,F,Study Phase2,65,Recall2,1615,USM
w10147078_err,fish,fish,1,1,4,JOL,tuna,Study1,F,Study Phase2,100,Recall2,2969,USM
w952976AJH,fish,fish,1,1,4,JOL,tuna,Study1,F,Study Phase2,100,Recall2,1644,USM
10068469SJ,,charm,0,0,4,JOL,vehicle,Study1,U,Study Phase2,NA,Recall2,230,USM
w10048508_zh,car ,charm,0.6,0,4,JOL,vehicle,Study1,U,Study Phase2,0,Recall2,1966,USM
w10105143_saa,,charm,0,0,4,JOL,vehicle,Study1,U,Study Phase2,50,Recall2,3688,USM
w10147078_err,,charm,0,0,4,JOL,vehicle,Study1,U,Study Phase2,30,Recall2,4068,USM
w952976AJH,drive,charm,0.2,0,4,JOL,vehicle,Study1,U,Study Phase2,20,Recall2,2203,USM
10068469SJ,,money,0,0,4,JOL,wage,Study1,F,Study Phase2,NA,Recall2,198,USM
w10048508_zh,money,money,1,1,4,JOL,wage,Study1,F,Study Phase2,10,Recall2,4111,USM
w10105143_saa,money,money,1,1,4,JOL,wage,Study1,F,Study Phase2,70,Recall2,2599,USM
w10147078_err,money,money,1,1,4,JOL,wage,Study1,F,Study Phase2,100,Recall2,2848,USM
w952976AJH,money,money,1,1,4,JOL,wage,Study1,F,Study Phase2,100,Recall2,2389,USM
10068469SJ,,quiet,0,0,4,JOL,war,Study1,M,Study Phase2,NA,Recall2,61,USM
w10048508_zh,quiet ,quiet,0.833333333,1,4,JOL,war,Study1,M,Study Phase2,1,Recall2,3131,USM
w10105143_saa,quiet,quiet,1,1,4,JOL,war,Study1,M,Study Phase2,70,Recall2,1756,USM
w10147078_err,quiet,quiet,1,1,4,JOL,war,Study1,M,Study Phase2,100,Recall2,3490,USM
w952976AJH,quiet,quiet,1,1,4,JOL,war,Study1,M,Study Phase2,0,Recall2,2480,USM
10068469SJ,,finger,0,0,4,JOL,wedding,Study1,M,Study Phase2,NA,Recall2,266,USM
w10048508_zh,finger ,finger,0.857142857,1,4,JOL,wedding,Study1,M,Study Phase2,0,Recall2,5552,USM
w10105143_saa,finger,finger,1,1,4,JOL,wedding,Study1,M,Study Phase2,75,Recall2,1790,USM
w10147078_err,,finger,0,0,4,JOL,wedding,Study1,M,Study Phase2,100,Recall2,3431,USM
w952976AJH,finger,finger,1,1,4,JOL,wedding,Study1,M,Study Phase2,30,Recall2,2084,USM
10068469SJ,,sentence,0,0,4,JOL,word,Study1,F,Study Phase2,NA,Recall2,31,USM
w10048508_zh,school ,sentence,0.25,0,4,JOL,word,Study1,F,Study Phase2,10,Recall2,4564,USM
w10105143_saa,sentence,sentence,1,1,4,JOL,word,Study1,F,Study Phase2,75,Recall2,3145,USM
w10147078_err,,sentence,0,0,4,JOL,word,Study1,F,Study Phase2,100,Recall2,5417,USM
w952976AJH,bird,sentence,0,0,4,JOL,word,Study1,F,Study Phase2,100,Recall2,4295,USM
w10042654_kw,museum ,wolf,0,0,2,JOL,art,Study2,U,Study Phase2,10,Recall2,5155,USM
w10150573_kaj,,wolf,0,0,2,JOL,art,Study2,U,Study Phase2,0,Recall2,1148,USM
W10156412_WAGR,,wolf,0,0,2,JOL,art,Study2,U,Study Phase2,100,Recall2,4407,USM
w821455_akg,wolf,wolf,1,1,2,JOL,art,Study2,U,Study Phase2,35,Recall2,2071,USM
w10042654_kw,,bronze,0,0,2,JOL,artery,Study2,U,Study Phase2,10,Recall2,2321,USM
w10150573_kaj,,bronze,0,0,2,JOL,artery,Study2,U,Study Phase2,10,Recall2,1837,USM
W10156412_WAGR,bronze,bronze,1,1,2,JOL,artery,Study2,U,Study Phase2,60,Recall2,4002,USM
w821455_akg,b,bronze,0.166666667,0,2,JOL,artery,Study2,U,Study Phase2,1,Recall2,10099,USM
w10042654_kw,clothes,clothes,1,1,2,JOL,attire,Study2,F,Study Phase2,15,Recall2,9060,USM
w10150573_kaj,,clothes,0,0,2,JOL,attire,Study2,F,Study Phase2,100,Recall2,2133,USM
W10156412_WAGR,clothing,clothes,0.625,0,2,JOL,attire,Study2,F,Study Phase2,65,Recall2,3913,USM
w821455_akg,clothes,clothes,1,1,2,JOL,attire,Study2,F,Study Phase2,90,Recall2,38145,USM
w10042654_kw,box,horn,0.25,0,2,JOL,bench,Study2,U,Study Phase2,10,Recall2,8568,USM
w10150573_kaj,,horn,0,0,2,JOL,bench,Study2,U,Study Phase2,10,Recall2,1364,USM
W10156412_WAGR,,horn,0,0,2,JOL,bench,Study2,U,Study Phase2,10,Recall2,4136,USM
w821455_akg,horn,horn,1,1,2,JOL,bench,Study2,U,Study Phase2,25,Recall2,47554,USM
w10042654_kw,fire,fire,1,1,2,JOL,blaze,Study2,F,Study Phase2,45,Recall2,3573,USM
w10150573_kaj,fire,fire,1,1,2,JOL,blaze,Study2,F,Study Phase2,100,Recall2,1272,USM
W10156412_WAGR,fire,fire,1,1,2,JOL,blaze,Study2,F,Study Phase2,80,Recall2,1770,USM
w821455_akg,fire,fire,1,1,2,JOL,blaze,Study2,F,Study Phase2,85,Recall2,1702,USM
w10042654_kw,two ,ounce,0.2,0,2,JOL,both,Study2,U,Study Phase2,5,Recall2,4967,USM
w10150573_kaj,,ounce,0,0,2,JOL,both,Study2,U,Study Phase2,0,Recall2,1036,USM
W10156412_WAGR,,ounce,0,0,2,JOL,both,Study2,U,Study Phase2,5,Recall2,2050,USM
w821455_akg,once,ounce,0.8,1,2,JOL,both,Study2,U,Study Phase2,5,Recall2,16370,USM
w10042654_kw,water,water,1,1,2,JOL,bridge,Study2,F,Study Phase2,25,Recall2,3070,USM
w10150573_kaj,water,water,1,1,2,JOL,bridge,Study2,F,Study Phase2,100,Recall2,4846,USM
W10156412_WAGR,water,water,1,1,2,JOL,bridge,Study2,F,Study Phase2,95,Recall2,1989,USM
w821455_akg,water,water,1,1,2,JOL,bridge,Study2,F,Study Phase2,85,Recall2,2055,USM
w10042654_kw,plant,plant,1,1,2,JOL,cactus,Study2,F,Study Phase2,40,Recall2,2937,USM
w10150573_kaj,plant,plant,1,1,2,JOL,cactus,Study2,F,Study Phase2,100,Recall2,3958,USM
W10156412_WAGR,plant,plant,1,1,2,JOL,cactus,Study2,F,Study Phase2,100,Recall2,1781,USM
w821455_akg,plant,plant,1,1,2,JOL,cactus,Study2,F,Study Phase2,90,Recall2,2235,USM
w10042654_kw,money,leg,0.2,0,2,JOL,cash,Study2,U,Study Phase2,10,Recall2,2953,USM
w10150573_kaj,,leg,0,0,2,JOL,cash,Study2,U,Study Phase2,20,Recall2,1592,USM
W10156412_WAGR,,leg,0,0,2,JOL,cash,Study2,U,Study Phase2,25,Recall2,9792,USM
w821455_akg,leg,leg,1,1,2,JOL,cash,Study2,U,Study Phase2,15,Recall2,16216,USM
w10042654_kw,red,red,1,1,2,JOL,cherry,Study2,F,Study Phase2,50,Recall2,4569,USM
w10150573_kaj,red,red,1,1,2,JOL,cherry,Study2,F,Study Phase2,100,Recall2,1360,USM
W10156412_WAGR,red,red,1,1,2,JOL,cherry,Study2,F,Study Phase2,98,Recall2,1621,USM
w821455_akg,red,red,1,1,2,JOL,cherry,Study2,F,Study Phase2,90,Recall2,1703,USM
w10042654_kw,cold,cold,1,1,2,JOL,chill,Study2,F,Study Phase2,40,Recall2,4393,USM
w10150573_kaj,cold,cold,1,1,2,JOL,chill,Study2,F,Study Phase2,100,Recall2,1319,USM
W10156412_WAGR,,cold,0,0,2,JOL,chill,Study2,F,Study Phase2,95,Recall2,5666,USM
w821455_akg,cold,cold,1,1,2,JOL,chill,Study2,F,Study Phase2,85,Recall2,11903,USM
w10042654_kw,hammer,hammer,1,1,2,JOL,chisel,Study2,F,Study Phase2,30,Recall2,3190,USM
w10150573_kaj,hammer,hammer,1,1,2,JOL,chisel,Study2,F,Study Phase2,10,Recall2,1543,USM
W10156412_WAGR,hammer,hammer,1,1,2,JOL,chisel,Study2,F,Study Phase2,90,Recall2,5421,USM
w821455_akg,hammer,hammer,1,1,2,JOL,chisel,Study2,F,Study Phase2,90,Recall2,1792,USM
w10042654_kw,chip,cut,0.25,0,2,JOL,chop,Study2,F,Study Phase2,50,Recall2,13704,USM
w10150573_kaj,cut,cut,1,1,2,JOL,chop,Study2,F,Study Phase2,100,Recall2,1286,USM
W10156412_WAGR,cut,cut,1,1,2,JOL,chop,Study2,F,Study Phase2,90,Recall2,3492,USM
w821455_akg,cut,cut,1,1,2,JOL,chop,Study2,F,Study Phase2,95,Recall2,15174,USM
w10042654_kw,life,business,0.25,0,2,JOL,death,Study2,U,Study Phase2,10,Recall2,5414,USM
w10150573_kaj,,business,0,0,2,JOL,death,Study2,U,Study Phase2,30,Recall2,1264,USM
W10156412_WAGR,,business,0,0,2,JOL,death,Study2,U,Study Phase2,90,Recall2,4655,USM
w821455_akg,business,business,1,1,2,JOL,death,Study2,U,Study Phase2,10,Recall2,38969,USM
w10042654_kw,supplement ,sack,0.090909091,0,2,JOL,dietary,Study2,U,Study Phase2,5,Recall2,9623,USM
w10150573_kaj,,sack,0,0,2,JOL,dietary,Study2,U,Study Phase2,0,Recall2,3636,USM
W10156412_WAGR,,sack,0,0,2,JOL,dietary,Study2,U,Study Phase2,25,Recall2,4020,USM
w821455_akg,snack,sack,0.8,1,2,JOL,dietary,Study2,U,Study Phase2,15,Recall2,4570,USM
w10042654_kw,paper,paper,1,1,2,JOL,document,Study2,F,Study Phase2,50,Recall2,2850,USM
w10150573_kaj,paper,paper,1,1,2,JOL,document,Study2,F,Study Phase2,10,Recall2,2207,USM
W10156412_WAGR,paper,paper,1,1,2,JOL,document,Study2,F,Study Phase2,90,Recall2,4449,USM
w821455_akg,paper,paper,1,1,2,JOL,document,Study2,F,Study Phase2,95,Recall2,1996,USM
w10042654_kw,smell,smell,1,1,2,JOL,eyes,Study2,M,Study Phase2,10,Recall2,2885,USM
w10150573_kaj,smell,smell,1,1,2,JOL,eyes,Study2,M,Study Phase2,50,Recall2,2109,USM
W10156412_WAGR,smell,smell,1,1,2,JOL,eyes,Study2,M,Study Phase2,75,Recall2,6149,USM
w821455_akg,smell,smell,1,1,2,JOL,eyes,Study2,M,Study Phase2,75,Recall2,1878,USM
w10042654_kw,fight,fight,1,1,2,JOL,feud,Study2,F,Study Phase2,10,Recall2,4330,USM
w10150573_kaj,fight,fight,1,1,2,JOL,feud,Study2,F,Study Phase2,100,Recall2,4169,USM
W10156412_WAGR,fight,fight,1,1,2,JOL,feud,Study2,F,Study Phase2,95,Recall2,2341,USM
w821455_akg,fight,fight,1,1,2,JOL,feud,Study2,F,Study Phase2,60,Recall2,29747,USM
w10042654_kw,food,thigh,0,0,2,JOL,grill,Study2,M,Study Phase2,10,Recall2,4545,USM
w10150573_kaj,basket,thigh,0.166666667,0,2,JOL,grill,Study2,M,Study Phase2,50,Recall2,4491,USM
W10156412_WAGR,leg,thigh,0.2,0,2,JOL,grill,Study2,M,Study Phase2,50,Recall2,4977,USM
w821455_akg,thigh,thigh,1,1,2,JOL,grill,Study2,M,Study Phase2,65,Recall2,15155,USM
w10042654_kw,sad,car,0.333333333,0,2,JOL,happy,Study2,U,Study Phase2,20,Recall2,5579,USM
w10150573_kaj,car,car,1,1,2,JOL,happy,Study2,U,Study Phase2,70,Recall2,3996,USM
W10156412_WAGR,car,car,1,1,2,JOL,happy,Study2,U,Study Phase2,15,Recall2,1921,USM
w821455_akg,car,car,1,1,2,JOL,happy,Study2,U,Study Phase2,45,Recall2,6460,USM
w10042654_kw,feather,feather,1,1,2,JOL,heavy,Study2,M,Study Phase2,15,Recall2,3433,USM
w10150573_kaj,,feather,0,0,2,JOL,heavy,Study2,M,Study Phase2,50,Recall2,2223,USM
W10156412_WAGR,,feather,0,0,2,JOL,heavy,Study2,M,Study Phase2,55,Recall2,2729,USM
w821455_akg,feather,feather,1,1,2,JOL,heavy,Study2,M,Study Phase2,35,Recall2,7009,USM
w10042654_kw,cow,cow,1,1,2,JOL,herd,Study2,F,Study Phase2,90,Recall2,2768,USM
w10150573_kaj,cow,cow,1,1,2,JOL,herd,Study2,F,Study Phase2,90,Recall2,1326,USM
W10156412_WAGR,cows,cow,0.75,1,2,JOL,herd,Study2,F,Study Phase2,75,Recall2,2923,USM
w821455_akg,cow,cow,1,1,2,JOL,herd,Study2,F,Study Phase2,100,Recall2,2041,USM
w10042654_kw,sting,sting,1,1,2,JOL,hornet,Study2,F,Study Phase2,89,Recall2,2865,USM
w10150573_kaj,sting,sting,1,1,2,JOL,hornet,Study2,F,Study Phase2,100,Recall2,1595,USM
W10156412_WAGR,sting,sting,1,1,2,JOL,hornet,Study2,F,Study Phase2,100,Recall2,2676,USM
w821455_akg,sting,sting,1,1,2,JOL,hornet,Study2,F,Study Phase2,95,Recall2,2853,USM
w10042654_kw,smell,smell,1,1,2,JOL,incense,Study2,F,Study Phase2,30,Recall2,4187,USM
w10150573_kaj,smell,smell,1,1,2,JOL,incense,Study2,F,Study Phase2,90,Recall2,1628,USM
W10156412_WAGR,scent,smell,0.4,0,2,JOL,incense,Study2,F,Study Phase2,100,Recall2,4890,USM
w821455_akg,smell,smell,1,1,2,JOL,incense,Study2,F,Study Phase2,80,Recall2,11950,USM
w10042654_kw,kong,vase,0,0,2,JOL,king,Study2,U,Study Phase2,10,Recall2,3378,USM
w10150573_kaj,size,vase,0.5,0,2,JOL,king,Study2,U,Study Phase2,0,Recall2,6009,USM
W10156412_WAGR,,vase,0,0,2,JOL,king,Study2,U,Study Phase2,25,Recall2,9346,USM
w821455_akg,vase,vase,1,1,2,JOL,king,Study2,U,Study Phase2,35,Recall2,35454,USM
w10042654_kw,late,baseball,0.375,0,2,JOL,league,Study2,F,Study Phase2,10,Recall2,3474,USM
w10150573_kaj,baseball,baseball,1,1,2,JOL,league,Study2,F,Study Phase2,100,Recall2,4245,USM
W10156412_WAGR,baseball,baseball,1,1,2,JOL,league,Study2,F,Study Phase2,75,Recall2,3379,USM
w821455_akg,baseball,baseball,1,1,2,JOL,league,Study2,F,Study Phase2,100,Recall2,2315,USM
w10042654_kw,,toil,0,0,2,JOL,lease,Study2,U,Study Phase2,10,Recall2,4804,USM
w10150573_kaj,,toil,0,0,2,JOL,lease,Study2,U,Study Phase2,0,Recall2,1466,USM
W10156412_WAGR,toil,toil,1,1,2,JOL,lease,Study2,U,Study Phase2,25,Recall2,3723,USM
w821455_akg,t,toil,0.25,0,2,JOL,lease,Study2,U,Study Phase2,5,Recall2,19899,USM
w10042654_kw,children,children,1,1,2,JOL,mirror,Study2,U,Study Phase2,20,Recall2,5227,USM
w10150573_kaj,children,children,1,1,2,JOL,mirror,Study2,U,Study Phase2,0,Recall2,4864,USM
W10156412_WAGR,children,children,1,1,2,JOL,mirror,Study2,U,Study Phase2,80,Recall2,2855,USM
w821455_akg,children,children,1,1,2,JOL,mirror,Study2,U,Study Phase2,20,Recall2,13724,USM
w10042654_kw,lawyer,lawyer,1,1,2,JOL,nurse,Study2,M,Study Phase2,30,Recall2,3616,USM
w10150573_kaj,lawyer,lawyer,1,1,2,JOL,nurse,Study2,M,Study Phase2,50,Recall2,2329,USM
W10156412_WAGR,lawyer ,lawyer,0.857142857,1,2,JOL,nurse,Study2,M,Study Phase2,75,Recall2,10507,USM
w821455_akg,lawyer,lawyer,1,1,2,JOL,nurse,Study2,M,Study Phase2,80,Recall2,2996,USM
w10042654_kw,bake,basket,0.666666667,0,2,JOL,oven,Study2,M,Study Phase2,15,Recall2,4455,USM
w10150573_kaj,,basket,0,0,2,JOL,oven,Study2,M,Study Phase2,0,Recall2,3562,USM
W10156412_WAGR,,basket,0,0,2,JOL,oven,Study2,M,Study Phase2,50,Recall2,3098,USM
w821455_akg,basket,basket,1,1,2,JOL,oven,Study2,M,Study Phase2,45,Recall2,40389,USM
w10042654_kw,clothes ,collar,0.375,0,2,JOL,pants,Study2,M,Study Phase2,20,Recall2,8518,USM
w10150573_kaj,collar,collar,1,1,2,JOL,pants,Study2,M,Study Phase2,100,Recall2,1898,USM
W10156412_WAGR,,collar,0,0,2,JOL,pants,Study2,M,Study Phase2,45,Recall2,3199,USM
w821455_akg,collar,collar,1,1,2,JOL,pants,Study2,M,Study Phase2,50,Recall2,13897,USM
w10042654_kw,past,clutter,0.142857143,0,2,JOL,push,Study2,U,Study Phase2,5,Recall2,7903,USM
w10150573_kaj,,clutter,0,0,2,JOL,push,Study2,U,Study Phase2,10,Recall2,2115,USM
W10156412_WAGR,,clutter,0,0,2,JOL,push,Study2,U,Study Phase2,25,Recall2,5036,USM
w821455_akg,clutter,clutter,1,1,2,JOL,push,Study2,U,Study Phase2,45,Recall2,27614,USM
w10042654_kw,bake,seed,0.25,0,2,JOL,rake,Study2,M,Study Phase2,10,Recall2,3720,USM
w10150573_kaj,seeds,seed,0.8,1,2,JOL,rake,Study2,M,Study Phase2,50,Recall2,4607,USM
W10156412_WAGR,seed,seed,1,1,2,JOL,rake,Study2,M,Study Phase2,40,Recall2,1905,USM
w821455_akg,seed,seed,1,1,2,JOL,rake,Study2,M,Study Phase2,75,Recall2,9166,USM
w10042654_kw,burn,muscle,0.166666667,0,2,JOL,razor,Study2,M,Study Phase2,5,Recall2,3640,USM
w10150573_kaj,,muscle,0,0,2,JOL,razor,Study2,M,Study Phase2,0,Recall2,2313,USM
W10156412_WAGR,,muscle,0,0,2,JOL,razor,Study2,M,Study Phase2,75,Recall2,4259,USM
w821455_akg,muscle,muscle,1,1,2,JOL,razor,Study2,M,Study Phase2,5,Recall2,31518,USM
w10042654_kw,,island,0,0,2,JOL,reality,Study2,M,Study Phase2,30,Recall2,12824,USM
w10150573_kaj,,island,0,0,2,JOL,reality,Study2,M,Study Phase2,400,Recall2,4356,USM
W10156412_WAGR,,island,0,0,2,JOL,reality,Study2,M,Study Phase2,100,Recall2,3338,USM
w821455_akg,island,island,1,1,2,JOL,reality,Study2,M,Study Phase2,60,Recall2,48814,USM
w10042654_kw,bus,stop,0.25,0,2,JOL,school,Study2,M,Study Phase2,45,Recall2,2941,USM
w10150573_kaj,,stop,0,0,2,JOL,school,Study2,M,Study Phase2,40,Recall2,2934,USM
W10156412_WAGR,stop,stop,1,1,2,JOL,school,Study2,M,Study Phase2,90,Recall2,2175,USM
w821455_akg,stop,stop,1,1,2,JOL,school,Study2,M,Study Phase2,80,Recall2,15900,USM
w10042654_kw,sock,hide,0,0,2,JOL,sick,Study2,U,Study Phase2,3,Recall2,3445,USM
w10150573_kaj,,hide,0,0,2,JOL,sick,Study2,U,Study Phase2,10,Recall2,1071,USM
W10156412_WAGR,,hide,0,0,2,JOL,sick,Study2,U,Study Phase2,5,Recall2,4978,USM
w821455_akg,hide,hide,1,1,2,JOL,sick,Study2,U,Study Phase2,45,Recall2,44745,USM
w10042654_kw,smel,drink,0,0,2,JOL,soap,Study2,M,Study Phase2,10,Recall2,6103,USM
w10150573_kaj,clean,drink,0.2,0,2,JOL,soap,Study2,M,Study Phase2,0,Recall2,3803,USM
W10156412_WAGR,drink,drink,1,1,2,JOL,soap,Study2,M,Study Phase2,75,Recall2,3248,USM
w821455_akg,drink,drink,1,1,2,JOL,soap,Study2,M,Study Phase2,20,Recall2,14270,USM
w10042654_kw,weak,accident,0.25,0,2,JOL,strong,Study2,U,Study Phase2,45,Recall2,4428,USM
w10150573_kaj,,accident,0,0,2,JOL,strong,Study2,U,Study Phase2,30,Recall2,2162,USM
W10156412_WAGR,,accident,0,0,2,JOL,strong,Study2,U,Study Phase2,60,Recall2,4140,USM
w821455_akg,accident,accident,1,1,2,JOL,strong,Study2,U,Study Phase2,50,Recall2,33919,USM
w10042654_kw,sweet,riddle,0.166666667,0,2,JOL,sugar,Study2,U,Study Phase2,5,Recall2,11591,USM
w10150573_kaj,,riddle,0,0,2,JOL,sugar,Study2,U,Study Phase2,10,Recall2,1117,USM
W10156412_WAGR,loose,riddle,0.333333333,0,2,JOL,sugar,Study2,U,Study Phase2,15,Recall2,6602,USM
w821455_akg,riddle,riddle,1,1,2,JOL,sugar,Study2,U,Study Phase2,15,Recall2,46151,USM
w10042654_kw,winter,snow,0.333333333,0,2,JOL,summer,Study2,M,Study Phase2,55,Recall2,7269,USM
w10150573_kaj,,snow,0,0,2,JOL,summer,Study2,M,Study Phase2,10,Recall2,2240,USM
W10156412_WAGR,snow,snow,1,1,2,JOL,summer,Study2,M,Study Phase2,90,Recall2,2399,USM
w821455_akg,snow,snow,1,1,2,JOL,summer,Study2,M,Study Phase2,45,Recall2,45041,USM
w10042654_kw,treat,cave,0.4,0,2,JOL,trap,Study2,M,Study Phase2,20,Recall2,13087,USM
w10150573_kaj,cave,cave,1,1,2,JOL,trap,Study2,M,Study Phase2,10,Recall2,3188,USM
W10156412_WAGR,,cave,0,0,2,JOL,trap,Study2,M,Study Phase2,70,Recall2,3765,USM
w821455_akg,cave,cave,1,1,2,JOL,trap,Study2,M,Study Phase2,60,Recall2,38160,USM
w10042654_kw,ridge,peak,0.2,0,2,JOL,valley,Study2,M,Study Phase2,40,Recall2,3474,USM
w10150573_kaj,,peak,0,0,2,JOL,valley,Study2,M,Study Phase2,100,Recall2,993,USM
W10156412_WAGR,peak,peak,1,1,2,JOL,valley,Study2,M,Study Phase2,85,Recall2,1789,USM
w821455_akg,peak,peak,1,1,2,JOL,valley,Study2,M,Study Phase2,35,Recall2,47296,USM
w10042654_kw,sting,bug,0.2,0,2,JOL,wasp,Study2,F,Study Phase2,45,Recall2,6025,USM
w10150573_kaj,bug,bug,1,1,2,JOL,wasp,Study2,F,Study Phase2,100,Recall2,5928,USM
W10156412_WAGR,bug,bug,1,1,2,JOL,wasp,Study2,F,Study Phase2,95,Recall2,6258,USM
w821455_akg,bug,bug,1,1,2,JOL,wasp,Study2,F,Study Phase2,85,Recall2,1755,USM
w10042654_kw,knob,knob,1,1,2,JOL,window,Study2,M,Study Phase2,15,Recall2,4073,USM
w10150573_kaj,,knob,0,0,2,JOL,window,Study2,M,Study Phase2,50,Recall2,3238,USM
W10156412_WAGR,knob,knob,1,1,2,JOL,window,Study2,M,Study Phase2,10,Recall2,9023,USM
w821455_akg,knob,knob,1,1,2,JOL,window,Study2,M,Study Phase2,20,Recall2,42770,USM
10068469SJ,,wolf,0,0,4,JOL,art,Study2,U,Study Phase,0,Recall1,587,USM
w10048508_zh,wood ,wolf,0.4,0,4,JOL,art,Study2,U,Study Phase,NA,Recall1,2773,USM
w10105143_saa,wolf,wolf,1,1,4,JOL,art,Study2,U,Study Phase,50,Recall1,5612,USM
w10147078_err,,wolf,0,0,4,JOL,art,Study2,U,Study Phase,5,Recall1,1413,USM
w952976AJH,wolf,wolf,1,1,4,JOL,art,Study2,U,Study Phase,30,Recall1,2046,USM
10068469SJ,,bronze,0,0,4,JOL,artery,Study2,U,Study Phase,0,Recall1,952,USM
w10048508_zh,art,bronze,0.166666667,0,4,JOL,artery,Study2,U,Study Phase,0,Recall1,4034,USM
w10105143_saa,bronze,bronze,1,1,4,JOL,artery,Study2,U,Study Phase,60,Recall1,4656,USM
w10147078_err,,bronze,0,0,4,JOL,artery,Study2,U,Study Phase,0,Recall1,2128,USM
w952976AJH,vein,bronze,0.333333333,0,4,JOL,artery,Study2,U,Study Phase,85,Recall1,3451,USM
10068469SJ,,clothes,0,0,4,JOL,attire,Study2,F,Study Phase,0,Recall1,651,USM
w10048508_zh,clothes,clothes,1,1,4,JOL,attire,Study2,F,Study Phase,20,Recall1,2378,USM
w10105143_saa,clothes,clothes,1,1,4,JOL,attire,Study2,F,Study Phase,70,Recall1,2988,USM
w10147078_err,clothes,clothes,1,1,4,JOL,attire,Study2,F,Study Phase,50,Recall1,4189,USM
w952976AJH,clothes,clothes,1,1,4,JOL,attire,Study2,F,Study Phase,100,Recall1,2845,USM
10068469SJ,,horn,0,0,4,JOL,bench,Study2,U,Study Phase,0,Recall1,813,USM
w10048508_zh,press,horn,0.2,0,4,JOL,bench,Study2,U,Study Phase,0,Recall1,5943,USM
w10105143_saa,horn,horn,1,1,4,JOL,bench,Study2,U,Study Phase,40,Recall1,2678,USM
w10147078_err,,horn,0,0,4,JOL,bench,Study2,U,Study Phase,2,Recall1,3189,USM
w952976AJH,sit,horn,0,0,4,JOL,bench,Study2,U,Study Phase,40,Recall1,1832,USM
10068469SJ,,fire,0,0,4,JOL,blaze,Study2,F,Study Phase,100,Recall1,335,USM
w10048508_zh,hot/fire,fire,0.5,0,4,JOL,blaze,Study2,F,Study Phase,80,Recall1,3605,USM
w10105143_saa,fire,fire,1,1,4,JOL,blaze,Study2,F,Study Phase,30,Recall1,1556,USM
w10147078_err,fire,fire,1,1,4,JOL,blaze,Study2,F,Study Phase,100,Recall1,3123,USM
w952976AJH,fire,fire,1,1,4,JOL,blaze,Study2,F,Study Phase,100,Recall1,6291,USM
10068469SJ,,ounce,0,0,4,JOL,both,Study2,U,Study Phase,0,Recall1,915,USM
w10048508_zh,two,ounce,0.2,0,4,JOL,both,Study2,U,Study Phase,10,Recall1,4884,USM
w10105143_saa,ounce,ounce,1,1,4,JOL,both,Study2,U,Study Phase,40,Recall1,7270,USM
w10147078_err,,ounce,0,0,4,JOL,both,Study2,U,Study Phase,5,Recall1,2018,USM
w952976AJH,neither,ounce,0.285714286,0,4,JOL,both,Study2,U,Study Phase,10,Recall1,4665,USM
10068469SJ,water,water,1,1,4,JOL,bridge,Study2,F,Study Phase,100,Recall1,3297,USM
w10048508_zh,water,water,1,1,4,JOL,bridge,Study2,F,Study Phase,30,Recall1,1701,USM
w10105143_saa,water,water,1,1,4,JOL,bridge,Study2,F,Study Phase,80,Recall1,4959,USM
w10147078_err,water,water,1,1,4,JOL,bridge,Study2,F,Study Phase,100,Recall1,3715,USM
w952976AJH,water,water,1,1,4,JOL,bridge,Study2,F,Study Phase,100,Recall1,3428,USM
10068469SJ,plant,plant,1,1,4,JOL,cactus,Study2,F,Study Phase,100,Recall1,4497,USM
w10048508_zh,plant ,plant,0.833333333,1,4,JOL,cactus,Study2,F,Study Phase,35,Recall1,4026,USM
w10105143_saa,plant,plant,1,1,4,JOL,cactus,Study2,F,Study Phase,50,Recall1,2121,USM
w10147078_err,plant,plant,1,1,4,JOL,cactus,Study2,F,Study Phase,50,Recall1,4078,USM
w952976AJH,plan,plant,0.8,1,4,JOL,cactus,Study2,F,Study Phase,80,Recall1,1914,USM
10068469SJ,,leg,0,0,4,JOL,cash,Study2,U,Study Phase,0,Recall1,693,USM
w10048508_zh,money,leg,0.2,0,4,JOL,cash,Study2,U,Study Phase,1,Recall1,2096,USM
w10105143_saa,leg,leg,1,1,4,JOL,cash,Study2,U,Study Phase,50,Recall1,3719,USM
w10147078_err,,leg,0,0,4,JOL,cash,Study2,U,Study Phase,10,Recall1,4307,USM
w952976AJH,card,leg,0,0,4,JOL,cash,Study2,U,Study Phase,40,Recall1,3756,USM
10068469SJ,,red,0,0,4,JOL,cherry,Study2,F,Study Phase,0,Recall1,478,USM
w10048508_zh,fruit ,red,0.166666667,0,4,JOL,cherry,Study2,F,Study Phase,25,Recall1,3213,USM
w10105143_saa,red,red,1,1,4,JOL,cherry,Study2,F,Study Phase,80,Recall1,1499,USM
w10147078_err,red,red,1,1,4,JOL,cherry,Study2,F,Study Phase,50,Recall1,2975,USM
w952976AJH,red,red,1,1,4,JOL,cherry,Study2,F,Study Phase,95,Recall1,1904,USM
10068469SJ,cold,cold,1,1,4,JOL,chill,Study2,F,Study Phase,100,Recall1,2249,USM
w10048508_zh,cold,cold,1,1,4,JOL,chill,Study2,F,Study Phase,1,Recall1,1676,USM
w10105143_saa,cold,cold,1,1,4,JOL,chill,Study2,F,Study Phase,60,Recall1,1401,USM
w10147078_err,cold,cold,1,1,4,JOL,chill,Study2,F,Study Phase,50,Recall1,3682,USM
w952976AJH,cold,cold,1,1,4,JOL,chill,Study2,F,Study Phase,100,Recall1,12511,USM
10068469SJ,,hammer,0,0,4,JOL,chisel,Study2,F,Study Phase,0,Recall1,457,USM
w10048508_zh,wood,hammer,0,0,4,JOL,chisel,Study2,F,Study Phase,0,Recall1,6182,USM
w10105143_saa,hammer,hammer,1,1,4,JOL,chisel,Study2,F,Study Phase,70,Recall1,1804,USM
w10147078_err,hammer,hammer,1,1,4,JOL,chisel,Study2,F,Study Phase,100,Recall1,4545,USM
w952976AJH,hammer,hammer,1,1,4,JOL,chisel,Study2,F,Study Phase,75,Recall1,2061,USM
10068469SJ,,cut,0,0,4,JOL,chop,Study2,F,Study Phase,100,Recall1,1185,USM
w10048508_zh,cut ,cut,0.75,1,4,JOL,chop,Study2,F,Study Phase,2,Recall1,1674,USM
w10105143_saa,cut,cut,1,1,4,JOL,chop,Study2,F,Study Phase,60,Recall1,1907,USM
w10147078_err,cut,cut,1,1,4,JOL,chop,Study2,F,Study Phase,100,Recall1,8496,USM
w952976AJH,saw,cut,0,0,4,JOL,chop,Study2,F,Study Phase,100,Recall1,2210,USM
10068469SJ,,business,0,0,4,JOL,death,Study2,U,Study Phase,0,Recall1,1094,USM
w10048508_zh,life,business,0.25,0,4,JOL,death,Study2,U,Study Phase,1,Recall1,5875,USM
w10105143_saa,business,business,1,1,4,JOL,death,Study2,U,Study Phase,80,Recall1,2686,USM
w10147078_err,business ,business,0.888888889,1,4,JOL,death,Study2,U,Study Phase,10,Recall1,4526,USM
w952976AJH,birth,business,0.25,0,4,JOL,death,Study2,U,Study Phase,100,Recall1,4496,USM
10068469SJ,,sack,0,0,4,JOL,dietary,Study2,U,Study Phase,0,Recall1,1082,USM
w10048508_zh,food,sack,0,0,4,JOL,dietary,Study2,U,Study Phase,1,Recall1,4368,USM
w10105143_saa,sack,sack,1,1,4,JOL,dietary,Study2,U,Study Phase,40,Recall1,2134,USM
w10147078_err,,sack,0,0,4,JOL,dietary,Study2,U,Study Phase,0,Recall1,4383,USM
w952976AJH,cow,sack,0.25,0,4,JOL,dietary,Study2,U,Study Phase,85,Recall1,5834,USM
10068469SJ,paper,paper,1,1,4,JOL,document,Study2,F,Study Phase,100,Recall1,2303,USM
w10048508_zh,paper,paper,1,1,4,JOL,document,Study2,F,Study Phase,20,Recall1,2570,USM
w10105143_saa,paper,paper,1,1,4,JOL,document,Study2,F,Study Phase,60,Recall1,1460,USM
w10147078_err,paper,paper,1,1,4,JOL,document,Study2,F,Study Phase,100,Recall1,7613,USM
w952976AJH,paper,paper,1,1,4,JOL,document,Study2,F,Study Phase,100,Recall1,1726,USM
10068469SJ,small,smell,0.8,1,4,JOL,eyes,Study2,M,Study Phase,100,Recall1,3778,USM
w10048508_zh,head,smell,0.2,0,4,JOL,eyes,Study2,M,Study Phase,0,Recall1,4292,USM
w10105143_saa,smell,smell,1,1,4,JOL,eyes,Study2,M,Study Phase,30,Recall1,2539,USM
w10147078_err,smell,smell,1,1,4,JOL,eyes,Study2,M,Study Phase,20,Recall1,7656,USM
w952976AJH,see,smell,0.4,0,4,JOL,eyes,Study2,M,Study Phase,100,Recall1,2816,USM
10068469SJ,,fight,0,0,4,JOL,feud,Study2,F,Study Phase,0,Recall1,816,USM
w10048508_zh,family,fight,0.333333333,0,4,JOL,feud,Study2,F,Study Phase,1,Recall1,5152,USM
w10105143_saa,fight,fight,1,1,4,JOL,feud,Study2,F,Study Phase,50,Recall1,1913,USM
w10147078_err,fight,fight,1,1,4,JOL,feud,Study2,F,Study Phase,100,Recall1,3444,USM
w952976AJH,fight,fight,1,1,4,JOL,feud,Study2,F,Study Phase,100,Recall1,2037,USM
10068469SJ,,thigh,0,0,4,JOL,grill,Study2,M,Study Phase,0,Recall1,1465,USM
w10048508_zh,thigh,thigh,1,1,4,JOL,grill,Study2,M,Study Phase,1,Recall1,5218,USM
w10105143_saa,thigh,thigh,1,1,4,JOL,grill,Study2,M,Study Phase,70,Recall1,5659,USM
w10147078_err,thigh,thigh,1,1,4,JOL,grill,Study2,M,Study Phase,50,Recall1,4294,USM
w952976AJH,cook,thigh,0,0,4,JOL,grill,Study2,M,Study Phase,50,Recall1,5281,USM
10068469SJ,,car,0,0,4,JOL,happy,Study2,U,Study Phase,10,Recall1,854,USM
w10048508_zh,sad,car,0.333333333,0,4,JOL,happy,Study2,U,Study Phase,12,Recall1,1952,USM
w10105143_saa,car,car,1,1,4,JOL,happy,Study2,U,Study Phase,40,Recall1,1568,USM
w10147078_err,car,car,1,1,4,JOL,happy,Study2,U,Study Phase,20,Recall1,3108,USM
w952976AJH,sad,car,0.333333333,0,4,JOL,happy,Study2,U,Study Phase,95,Recall1,1960,USM
10068469SJ,,feather,0,0,4,JOL,heavy,Study2,M,Study Phase,NA,Recall1,813,USM
w10048508_zh,strong,feather,0.285714286,0,4,JOL,heavy,Study2,M,Study Phase,0,Recall1,2657,USM
w10105143_saa,feather,feather,1,1,4,JOL,heavy,Study2,M,Study Phase,40,Recall1,3799,USM
w10147078_err,feather,feather,1,1,4,JOL,heavy,Study2,M,Study Phase,50,Recall1,3842,USM
w952976AJH,light,feather,0.285714286,0,4,JOL,heavy,Study2,M,Study Phase,80,Recall1,2337,USM
10068469SJ,,cow,0,0,4,JOL,herd,Study2,F,Study Phase,100,Recall1,570,USM
w10048508_zh,flock,cow,0.4,0,4,JOL,herd,Study2,F,Study Phase,1,Recall1,5928,USM
w10105143_saa,cow,cow,1,1,4,JOL,herd,Study2,F,Study Phase,90,Recall1,2133,USM
w10147078_err,cow,cow,1,1,4,JOL,herd,Study2,F,Study Phase,99,Recall1,3289,USM
w952976AJH,cow,cow,1,1,4,JOL,herd,Study2,F,Study Phase,100,Recall1,1470,USM
10068469SJ,sting,sting,1,1,4,JOL,hornet,Study2,F,Study Phase,100,Recall1,2702,USM
w10048508_zh,wasp,sting,0.2,0,4,JOL,hornet,Study2,F,Study Phase,10,Recall1,2990,USM
w10105143_saa,sting,sting,1,1,4,JOL,hornet,Study2,F,Study Phase,25,Recall1,2820,USM
w10147078_err,sting,sting,1,1,4,JOL,hornet,Study2,F,Study Phase,100,Recall1,3463,USM
w952976AJH,sting,sting,1,1,4,JOL,hornet,Study2,F,Study Phase,100,Recall1,2453,USM
10068469SJ,,smell,0,0,4,JOL,incense,Study2,F,Study Phase,0,Recall1,912,USM
w10048508_zh,smell,smell,1,1,4,JOL,incense,Study2,F,Study Phase,30,Recall1,2201,USM
w10105143_saa,smell,smell,1,1,4,JOL,incense,Study2,F,Study Phase,60,Recall1,1584,USM
w10147078_err,smell,smell,1,1,4,JOL,incense,Study2,F,Study Phase,100,Recall1,3370,USM
w952976AJH,smell,smell,1,1,4,JOL,incense,Study2,F,Study Phase,60,Recall1,2943,USM
10068469SJ,,vase,0,0,4,JOL,king,Study2,U,Study Phase,0,Recall1,814,USM
w10048508_zh,queen,vase,0.2,0,4,JOL,king,Study2,U,Study Phase,1,Recall1,5767,USM
w10105143_saa,vase,vase,1,1,4,JOL,king,Study2,U,Study Phase,40,Recall1,3677,USM
w10147078_err,,vase,0,0,4,JOL,king,Study2,U,Study Phase,10,Recall1,7231,USM
w952976AJH,queen,vase,0.2,0,4,JOL,king,Study2,U,Study Phase,10,Recall1,4621,USM
10068469SJ,baseball,baseball,1,1,4,JOL,league,Study2,F,Study Phase,100,Recall1,3065,USM
w10048508_zh,baseball,baseball,1,1,4,JOL,league,Study2,F,Study Phase,10,Recall1,3216,USM
w10105143_saa,baseball,baseball,1,1,4,JOL,league,Study2,F,Study Phase,80,Recall1,2216,USM
w10147078_err,baseball,baseball,1,1,4,JOL,league,Study2,F,Study Phase,100,Recall1,4660,USM
w952976AJH,baseball,baseball,1,1,4,JOL,league,Study2,F,Study Phase,85,Recall1,3018,USM
10068469SJ,,toil,0,0,4,JOL,lease,Study2,U,Study Phase,0,Recall1,793,USM
w10048508_zh,sign ,toil,0.2,0,4,JOL,lease,Study2,U,Study Phase,0,Recall1,2100,USM
w10105143_saa,hustle,toil,0.333333333,0,4,JOL,lease,Study2,U,Study Phase,15,Recall1,28792,USM
w10147078_err,,toil,0,0,4,JOL,lease,Study2,U,Study Phase,0,Recall1,2164,USM
w952976AJH,turn,toil,0.25,0,4,JOL,lease,Study2,U,Study Phase,40,Recall1,19483,USM
10068469SJ,,children,0,0,4,JOL,mirror,Study2,U,Study Phase,0,Recall1,736,USM
w10048508_zh,reflection ,children,0.545454545,0,4,JOL,mirror,Study2,U,Study Phase,1,Recall1,9077,USM
w10105143_saa,children,children,1,1,4,JOL,mirror,Study2,U,Study Phase,20,Recall1,2483,USM
w10147078_err,chuldren,children,0.875,1,4,JOL,mirror,Study2,U,Study Phase,50,Recall1,3903,USM
w952976AJH,children,children,1,1,4,JOL,mirror,Study2,U,Study Phase,40,Recall1,2950,USM
10068469SJ,lawyer,lawyer,1,1,4,JOL,nurse,Study2,M,Study Phase,100,Recall1,3252,USM
w10048508_zh,lawyer,lawyer,1,1,4,JOL,nurse,Study2,M,Study Phase,1,Recall1,2860,USM
w10105143_saa,lawyer,lawyer,1,1,4,JOL,nurse,Study2,M,Study Phase,70,Recall1,2205,USM
w10147078_err,lawyer,lawyer,1,1,4,JOL,nurse,Study2,M,Study Phase,10,Recall1,7359,USM
w952976AJH,lawyer,lawyer,1,1,4,JOL,nurse,Study2,M,Study Phase,10,Recall1,4189,USM
10068469SJ,,basket,0,0,4,JOL,oven,Study2,M,Study Phase,0,Recall1,10727,USM
w10048508_zh,hot ,basket,0.166666667,0,4,JOL,oven,Study2,M,Study Phase,1,Recall1,1726,USM
w10105143_saa,,basket,0,0,4,JOL,oven,Study2,M,Study Phase,20,Recall1,13115,USM
w10147078_err,,basket,0,0,4,JOL,oven,Study2,M,Study Phase,30,Recall1,2873,USM
w952976AJH,cook,basket,0.166666667,0,4,JOL,oven,Study2,M,Study Phase,20,Recall1,2914,USM
10068469SJ,,collar,0,0,4,JOL,pants,Study2,M,Study Phase,NA,Recall1,396,USM
w10048508_zh,shirt,collar,0.166666667,0,4,JOL,pants,Study2,M,Study Phase,1,Recall1,5525,USM
w10105143_saa,collar,collar,1,1,4,JOL,pants,Study2,M,Study Phase,70,Recall1,3067,USM
w10147078_err,,collar,0,0,4,JOL,pants,Study2,M,Study Phase,50,Recall1,3507,USM
w952976AJH,collar,collar,1,1,4,JOL,pants,Study2,M,Study Phase,80,Recall1,2583,USM
10068469SJ,,clutter,0,0,4,JOL,push,Study2,U,Study Phase,0,Recall1,429,USM
w10048508_zh,throw,clutter,0.285714286,0,4,JOL,push,Study2,U,Study Phase,1,Recall1,5767,USM
w10105143_saa,,clutter,0,0,4,JOL,push,Study2,U,Study Phase,60,Recall1,11972,USM
w10147078_err,clutter,clutter,1,1,4,JOL,push,Study2,U,Study Phase,0,Recall1,4127,USM
w952976AJH,shove,clutter,0.142857143,0,4,JOL,push,Study2,U,Study Phase,40,Recall1,2516,USM
10068469SJ,,seed,0,0,4,JOL,rake,Study2,M,Study Phase,0,Recall1,395,USM
w10048508_zh,leaves,seed,0.5,0,4,JOL,rake,Study2,M,Study Phase,20,Recall1,3037,USM
w10105143_saa,seed,seed,1,1,4,JOL,rake,Study2,M,Study Phase,30,Recall1,1588,USM
w10147078_err,seed,seed,1,1,4,JOL,rake,Study2,M,Study Phase,50,Recall1,5151,USM
w952976AJH,sweep,seed,0.6,0,4,JOL,rake,Study2,M,Study Phase,50,Recall1,5712,USM
10068469SJ,sharp,muscle,0.166666667,0,4,JOL,razor,Study2,M,Study Phase,1,Recall1,5162,USM
w10048508_zh,sharp ,muscle,0.166666667,0,4,JOL,razor,Study2,M,Study Phase,0,Recall1,4096,USM
w10105143_saa,muscle,muscle,1,1,4,JOL,razor,Study2,M,Study Phase,15,Recall1,3784,USM
w10147078_err,,muscle,0,0,4,JOL,razor,Study2,M,Study Phase,10,Recall1,8428,USM
w952976AJH,cut,muscle,0.333333333,0,4,JOL,razor,Study2,M,Study Phase,75,Recall1,3601,USM
10068469SJ,,island,0,0,4,JOL,reality,Study2,M,Study Phase,5,Recall1,564,USM
w10048508_zh,tv,island,0,0,4,JOL,reality,Study2,M,Study Phase,0,Recall1,5227,USM
w10105143_saa,island,island,1,1,4,JOL,reality,Study2,M,Study Phase,90,Recall1,2181,USM
w10147078_err,island,island,1,1,4,JOL,reality,Study2,M,Study Phase,20,Recall1,3733,USM
w952976AJH,real,island,0.333333333,0,4,JOL,reality,Study2,M,Study Phase,75,Recall1,7971,USM
10068469SJ,stop,stop,1,1,4,JOL,school,Study2,M,Study Phase,100,Recall1,2345,USM
w10048508_zh,kids,stop,0.25,0,4,JOL,school,Study2,M,Study Phase,1,Recall1,4313,USM
w10105143_saa,stop,stop,1,1,4,JOL,school,Study2,M,Study Phase,70,Recall1,1782,USM
w10147078_err,,stop,0,0,4,JOL,school,Study2,M,Study Phase,50,Recall1,3266,USM
w952976AJH,work,stop,0.25,0,4,JOL,school,Study2,M,Study Phase,70,Recall1,2888,USM
10068469SJ,,hide,0,0,4,JOL,sick,Study2,U,Study Phase,0,Recall1,1302,USM
w10048508_zh,food,hide,0.25,0,4,JOL,sick,Study2,U,Study Phase,0,Recall1,10279,USM
w10105143_saa,hide,hide,1,1,4,JOL,sick,Study2,U,Study Phase,50,Recall1,4873,USM
w10147078_err,,hide,0,0,4,JOL,sick,Study2,U,Study Phase,0,Recall1,2550,USM
w952976AJH,doctor,hide,0.166666667,0,4,JOL,sick,Study2,U,Study Phase,45,Recall1,7319,USM
10068469SJ,,drink,0,0,4,JOL,soap,Study2,M,Study Phase,2,Recall1,662,USM
w10048508_zh,water,drink,0.2,0,4,JOL,soap,Study2,M,Study Phase,0,Recall1,4209,USM
w10105143_saa,drink,drink,1,1,4,JOL,soap,Study2,M,Study Phase,35,Recall1,1751,USM
w10147078_err,,drink,0,0,4,JOL,soap,Study2,M,Study Phase,5,Recall1,2305,USM
w952976AJH,dish,drink,0.4,0,4,JOL,soap,Study2,M,Study Phase,10,Recall1,4709,USM
10068469SJ,,accident,0,0,4,JOL,strong,Study2,U,Study Phase,0,Recall1,612,USM
w10048508_zh,heavy,accident,0.25,0,4,JOL,strong,Study2,U,Study Phase,0,Recall1,3728,USM
w10105143_saa,accident,accident,1,1,4,JOL,strong,Study2,U,Study Phase,20,Recall1,4443,USM
w10147078_err,,accident,0,0,4,JOL,strong,Study2,U,Study Phase,15,Recall1,8610,USM
w952976AJH,heavy,accident,0.25,0,4,JOL,strong,Study2,U,Study Phase,5,Recall1,5066,USM
10068469SJ,,riddle,0,0,4,JOL,sugar,Study2,U,Study Phase,0,Recall1,893,USM
w10048508_zh,sweets,riddle,0.166666667,0,4,JOL,sugar,Study2,U,Study Phase,0,Recall1,5103,USM
w10105143_saa,riddle,riddle,1,1,4,JOL,sugar,Study2,U,Study Phase,50,Recall1,20997,USM
w10147078_err,,riddle,0,0,4,JOL,sugar,Study2,U,Study Phase,12,Recall1,2402,USM
w952976AJH,candy,riddle,0.166666667,0,4,JOL,sugar,Study2,U,Study Phase,95,Recall1,3513,USM
10068469SJ,spring,snow,0.333333333,0,4,JOL,summer,Study2,M,Study Phase,100,Recall1,3776,USM
w10048508_zh,may,snow,0,0,4,JOL,summer,Study2,M,Study Phase,0,Recall1,6576,USM
w10105143_saa,snow,snow,1,1,4,JOL,summer,Study2,M,Study Phase,50,Recall1,2000,USM
w10147078_err,snow,snow,1,1,4,JOL,summer,Study2,M,Study Phase,50,Recall1,3244,USM
w952976AJH,snow,snow,1,1,4,JOL,summer,Study2,M,Study Phase,100,Recall1,13399,USM
10068469SJ,,cave,0,0,4,JOL,trap,Study2,M,Study Phase,100,Recall1,5301,USM
w10048508_zh,open ,cave,0.2,0,4,JOL,trap,Study2,M,Study Phase,2,Recall1,3258,USM
w10105143_saa,cave,cave,1,1,4,JOL,trap,Study2,M,Study Phase,40,Recall1,2423,USM
w10147078_err,cave,cave,1,1,4,JOL,trap,Study2,M,Study Phase,50,Recall1,4194,USM
w952976AJH,stuck,cave,0.2,0,4,JOL,trap,Study2,M,Study Phase,85,Recall1,8623,USM
10068469SJ,,peak,0,0,4,JOL,valley,Study2,M,Study Phase,0,Recall1,3669,USM
w10048508_zh,wide,peak,0.25,0,4,JOL,valley,Study2,M,Study Phase,1,Recall1,10831,USM
w10105143_saa,peak,peak,1,1,4,JOL,valley,Study2,M,Study Phase,75,Recall1,1643,USM
w10147078_err,peak,peak,1,1,4,JOL,valley,Study2,M,Study Phase,50,Recall1,3350,USM
w952976AJH,river,peak,0.2,0,4,JOL,valley,Study2,M,Study Phase,100,Recall1,2438,USM
10068469SJ,bug,bug,1,1,4,JOL,wasp,Study2,F,Study Phase,100,Recall1,2980,USM
w10048508_zh,bee,bug,0.333333333,0,4,JOL,wasp,Study2,F,Study Phase,10,Recall1,1495,USM
w10105143_saa,bug,bug,1,1,4,JOL,wasp,Study2,F,Study Phase,20,Recall1,2855,USM
w10147078_err,bug,bug,1,1,4,JOL,wasp,Study2,F,Study Phase,100,Recall1,8049,USM
w952976AJH,bug,bug,1,1,4,JOL,wasp,Study2,F,Study Phase,100,Recall1,2812,USM
10068469SJ,,knob,0,0,4,JOL,window,Study2,M,Study Phase,0,Recall1,1381,USM
w10048508_zh,door,knob,0.25,0,4,JOL,window,Study2,M,Study Phase,1,Recall1,1918,USM
w10105143_saa,knob,knob,1,1,4,JOL,window,Study2,M,Study Phase,40,Recall1,2894,USM
w10147078_err,,knob,0,0,4,JOL,window,Study2,M,Study Phase,10,Recall1,2298,USM
w952976AJH,sea,knob,0,0,4,JOL,window,Study2,M,Study Phase,85,Recall1,7454,USM
