Username,Response.Response,Stimuli.Answer,Condition.Number,Condition.Description,Stimuli.Cue,Stimuli.Shuffle,Stimuli.Stimuli.Notes,Procedure.Shuffle,Response.JOL,Procedure.Shuffle.1,Response.RT
w10150573_kaj,love,love,2,JOL,affection,Study1,F,Study Phase,90,Recall1,1334
W10156412_WAGR,love,love,2,JOL,affection,Study1,F,Study Phase,80,Recall1,5473
w10150573_kaj,,bounce,2,JOL,bat,Study1,M,Study Phase,10,Recall1,3003
W10156412_WAGR,,bounce,2,JOL,bat,Study1,M,Study Phase,15,Recall1,14072
w10150573_kaj,box,box,2,JOL,beach,Study1,M,Study Phase,10,Recall1,1976
W10156412_WAGR,box,box,2,JOL,beach,Study1,M,Study Phase,15,Recall1,3655
w10150573_kaj,,pie,2,JOL,birthday,Study1,M,Study Phase,10,Recall1,4289
W10156412_WAGR,pie,pie,2,JOL,birthday,Study1,M,Study Phase,35,Recall1,2138
w10150573_kaj,,hand,2,JOL,cake,Study1,U,Study Phase,0,Recall1,1759
W10156412_WAGR,hand,hand,2,JOL,cake,Study1,U,Study Phase,40,Recall1,1833
w10150573_kaj,carpet,carpet,2,JOL,ceiling,Study1,M,Study Phase,10,Recall1,2502
W10156412_WAGR,carpet,carpet,2,JOL,ceiling,Study1,M,Study Phase,75,Recall1,2559
w10150573_kaj,,dance,2,JOL,circle,Study1,M,Study Phase,60,Recall1,973
W10156412_WAGR,dance,dance,2,JOL,circle,Study1,M,Study Phase,75,Recall1,4081
w10150573_kaj,engine,election,2,JOL,crackle,Study1,U,Study Phase,0,Recall1,2435
W10156412_WAGR,,election,2,JOL,crackle,Study1,U,Study Phase,0,Recall1,2901
w10150573_kaj,card,card,2,JOL,credit,Study1,F,Study Phase,100,Recall1,2078
W10156412_WAGR,card,card,2,JOL,credit,Study1,F,Study Phase,100,Recall1,1925
w10150573_kaj,bottle,bottle,2,JOL,cry,Study1,M,Study Phase,10,Recall1,3051
W10156412_WAGR,,bottle,2,JOL,cry,Study1,M,Study Phase,0,Recall1,6159
w10150573_kaj,weaks,dark,2,JOL,day,Study1,M,Study Phase,0,Recall1,3745
W10156412_WAGR,dark,dark,2,JOL,day,Study1,M,Study Phase,50,Recall1,2481
w10150573_kaj,bangs,bang,2,JOL,fuzzy,Study1,U,Study Phase,0,Recall1,7121
W10156412_WAGR,bangs,bang,2,JOL,fuzzy,Study1,U,Study Phase,5,Recall1,2347
w10150573_kaj,take,steak,2,JOL,give,Study1,U,Study Phase,50,Recall1,3168
W10156412_WAGR,,steak,2,JOL,give,Study1,U,Study Phase,4,Recall1,3800
w10150573_kaj,,cotton,2,JOL,hard,Study1,M,Study Phase,0,Recall1,1229
W10156412_WAGR,cotton,cotton,2,JOL,hard,Study1,M,Study Phase,5,Recall1,4164
w10150573_kaj,,wheel,2,JOL,horse,Study1,M,Study Phase,10,Recall1,2602
W10156412_WAGR,wheel,wheel,2,JOL,horse,Study1,M,Study Phase,55,Recall1,3913
w10150573_kaj,clean,clean,2,JOL,hygiene,Study1,F,Study Phase,90,Recall1,2830
W10156412_WAGR,clean,clean,2,JOL,hygiene,Study1,F,Study Phase,90,Recall1,2284
w10150573_kaj,,rod,2,JOL,keys,Study1,U,Study Phase,0,Recall1,4175
W10156412_WAGR,rod,rod,2,JOL,keys,Study1,U,Study Phase,5,Recall1,2010
w10150573_kaj,stripes,stripes,2,JOL,lion,Study1,M,Study Phase,20,Recall1,2550
W10156412_WAGR,stripes,stripes,2,JOL,lion,Study1,M,Study Phase,5,Recall1,2355
w10150573_kaj,,fiction,2,JOL,listen,Study1,U,Study Phase,0,Recall1,1413
W10156412_WAGR,,fiction,2,JOL,listen,Study1,U,Study Phase,10,Recall1,4005
w10150573_kaj,trash,trash,2,JOL,litter,Study1,F,Study Phase,30,Recall1,2145
W10156412_WAGR,,trash,2,JOL,litter,Study1,F,Study Phase,84,Recall1,3487
w10150573_kaj,,phone,2,JOL,maze,Study1,U,Study Phase,0,Recall1,1662
W10156412_WAGR,,phone,2,JOL,maze,Study1,U,Study Phase,0,Recall1,7596
w10150573_kaj,,keys,2,JOL,meat,Study1,U,Study Phase,10,Recall1,1501
W10156412_WAGR,,keys,2,JOL,meat,Study1,U,Study Phase,0,Recall1,3363
w10150573_kaj,,maroon,2,JOL,mirror,Study1,U,Study Phase,0,Recall1,1647
W10156412_WAGR,keys,maroon,2,JOL,mirror,Study1,U,Study Phase,50,Recall1,9445
w10150573_kaj,donkey,donkey,2,JOL,mule,Study1,F,Study Phase,100,Recall1,1720
w10150573_kaj,donkehy,donkey,2,JOL,mule,Study1,F,Study Phase,100,Recall1,1532
W10156412_WAGR,donkey,donkey,2,JOL,mule,Study1,F,Study Phase,90,Recall1,2195
W10156412_WAGR,donkey,donkey,2,JOL,mule,Study1,F,Study Phase,90,Recall1,3993
w10150573_kaj,sleep,sleep,2,JOL,nap,Study1,F,Study Phase,80,Recall1,1847
W10156412_WAGR,sleep,sleep,2,JOL,nap,Study1,F,Study Phase,95,Recall1,1743
w10150573_kaj,flower,flower,2,JOL,orchid,Study1,F,Study Phase,90,Recall1,1450
W10156412_WAGR,flower,flower,2,JOL,orchid,Study1,F,Study Phase,85,Recall1,2488
w10150573_kaj,tree,plant,2,JOL,root,Study1,F,Study Phase,30,Recall1,1919
W10156412_WAGR,plant,plant,2,JOL,root,Study1,F,Study Phase,85,Recall1,2006
w10150573_kaj,,silk,2,JOL,rough,Study1,M,Study Phase,10,Recall1,1135
W10156412_WAGR,silk,silk,2,JOL,rough,Study1,M,Study Phase,15,Recall1,2711
w10150573_kaj,head,head,2,JOL,scalp,Study1,F,Study Phase,80,Recall1,2602
W10156412_WAGR,head,head,2,JOL,scalp,Study1,F,Study Phase,90,Recall1,2656
w10150573_kaj,sea,shake,2,JOL,shell,Study1,U,Study Phase,25,Recall1,4911
W10156412_WAGR,spin,shake,2,JOL,shell,Study1,U,Study Phase,10,Recall1,3505
w10150573_kaj,,tick,2,JOL,sign,Study1,U,Study Phase,0,Recall1,1606
W10156412_WAGR,,tick,2,JOL,sign,Study1,U,Study Phase,0,Recall1,4274
w10150573_kaj,drink,drink,2,JOL,sip,Study1,F,Study Phase,75,Recall1,1630
W10156412_WAGR,drink,drink,2,JOL,sip,Study1,F,Study Phase,75,Recall1,4595
w10150573_kaj,,belt,2,JOL,soon,Study1,U,Study Phase,40,Recall1,1525
W10156412_WAGR,,belt,2,JOL,soon,Study1,U,Study Phase,5,Recall1,5676
w10150573_kaj,,cloth,2,JOL,stretch,Study1,U,Study Phase,0,Recall1,2278
W10156412_WAGR,,cloth,2,JOL,stretch,Study1,U,Study Phase,75,Recall1,3524
w10150573_kaj,bird,bird,2,JOL,swan,Study1,F,Study Phase,70,Recall1,1696
W10156412_WAGR,bird,bird,2,JOL,swan,Study1,F,Study Phase,95,Recall1,1962
w10150573_kaj,cold,morning,2,JOL,temperature,Study1,U,Study Phase,0,Recall1,3818
W10156412_WAGR,morning,morning,2,JOL,temperature,Study1,U,Study Phase,55,Recall1,4935
w10150573_kaj,,hair,2,JOL,tooth,Study1,M,Study Phase,10,Recall1,3379
W10156412_WAGR,hair,hair,2,JOL,tooth,Study1,M,Study Phase,15,Recall1,4762
w10150573_kaj,,syrup,2,JOL,tree,Study1,M,Study Phase,50,Recall1,2262
W10156412_WAGR,green,syrup,2,JOL,tree,Study1,M,Study Phase,80,Recall1,3943
w10150573_kaj,,fish,2,JOL,tuna,Study1,F,Study Phase,100,Recall1,3066
W10156412_WAGR,fish,fish,2,JOL,tuna,Study1,F,Study Phase,100,Recall1,1568
w10150573_kaj,,charm,2,JOL,vehicle,Study1,U,Study Phase,0,Recall1,1571
W10156412_WAGR,,charm,2,JOL,vehicle,Study1,U,Study Phase,5,Recall1,8199
w10150573_kaj,money,money,2,JOL,wage,Study1,F,Study Phase,50,Recall1,2432
W10156412_WAGR,money,money,2,JOL,wage,Study1,F,Study Phase,90,Recall1,3078
w10150573_kaj,quiet,quiet,2,JOL,war,Study1,M,Study Phase,0,Recall1,3105
W10156412_WAGR,quiet,quiet,2,JOL,war,Study1,M,Study Phase,0,Recall1,7131
w10150573_kaj,pie,finger,2,JOL,wedding,Study1,M,Study Phase,30,Recall1,5665
W10156412_WAGR,finger,finger,2,JOL,wedding,Study1,M,Study Phase,25,Recall1,2644
w10150573_kaj,sentence,sentence,2,JOL,word,Study1,F,Study Phase,100,Recall1,7492
W10156412_WAGR,,sentence,2,JOL,word,Study1,F,Study Phase,65,Recall1,8151
10068469SJ,,love,4,JOL,affection,Study1,F,Study Phase2,NA,Recall2,129
w10105143_saa,love,love,4,JOL,affection,Study1,F,Study Phase2,60,Recall2,1340
w10147078_err,love,love,4,JOL,affection,Study1,F,Study Phase2,100,Recall2,3135
10068469SJ,,bounce,4,JOL,bat,Study1,M,Study Phase2,NA,Recall2,2442
w10105143_saa,bounce,bounce,4,JOL,bat,Study1,M,Study Phase2,60,Recall2,1896
w10147078_err,,bounce,4,JOL,bat,Study1,M,Study Phase2,50,Recall2,4217
10068469SJ,,box,4,JOL,beach,Study1,M,Study Phase2,NA,Recall2,173
w10105143_saa,box,box,4,JOL,beach,Study1,M,Study Phase2,60,Recall2,4939
w10147078_err,,box,4,JOL,beach,Study1,M,Study Phase2,60,Recall2,1398
10068469SJ,,pie,4,JOL,birthday,Study1,M,Study Phase2,NA,Recall2,318
w10105143_saa,pie,pie,4,JOL,birthday,Study1,M,Study Phase2,60,Recall2,1793
w10147078_err,pie,pie,4,JOL,birthday,Study1,M,Study Phase2,100,Recall2,4497
10068469SJ,,hand,4,JOL,cake,Study1,U,Study Phase2,NA,Recall2,112
w10105143_saa,hand,hand,4,JOL,cake,Study1,U,Study Phase2,80,Recall2,3666
w10147078_err,gand,hand,4,JOL,cake,Study1,U,Study Phase2,12,Recall2,4363
10068469SJ,,carpet,4,JOL,ceiling,Study1,M,Study Phase2,NA,Recall2,222
w10105143_saa,carpet,carpet,4,JOL,ceiling,Study1,M,Study Phase2,70,Recall2,3515
w10147078_err,carpet,carpet,4,JOL,ceiling,Study1,M,Study Phase2,100,Recall2,3690
10068469SJ,,dance,4,JOL,circle,Study1,M,Study Phase2,NA,Recall2,213
w10105143_saa,dance,dance,4,JOL,circle,Study1,M,Study Phase2,70,Recall2,2563
w10147078_err,,dance,4,JOL,circle,Study1,M,Study Phase2,20,Recall2,3404
10068469SJ,,election,4,JOL,crackle,Study1,U,Study Phase2,NA,Recall2,13
w10105143_saa,election,election,4,JOL,crackle,Study1,U,Study Phase2,80,Recall2,4822
w10147078_err,,election,4,JOL,crackle,Study1,U,Study Phase2,0,Recall2,1757
10068469SJ,,card,4,JOL,credit,Study1,F,Study Phase2,NA,Recall2,293
w10105143_saa,card,card,4,JOL,credit,Study1,F,Study Phase2,80,Recall2,1667
w10147078_err,card,card,4,JOL,credit,Study1,F,Study Phase2,100,Recall2,3170
10068469SJ,,bottle,4,JOL,cry,Study1,M,Study Phase2,NA,Recall2,152
w10105143_saa,,bottle,4,JOL,cry,Study1,M,Study Phase2,70,Recall2,28080
w10147078_err,,bottle,4,JOL,cry,Study1,M,Study Phase2,20,Recall2,2136
10068469SJ,,dark,4,JOL,day,Study1,M,Study Phase2,NA,Recall2,95
w10105143_saa,dark,dark,4,JOL,day,Study1,M,Study Phase2,80,Recall2,4223
w10147078_err,night,dark,4,JOL,day,Study1,M,Study Phase2,100,Recall2,4886
10068469SJ,,bang,4,JOL,fuzzy,Study1,U,Study Phase2,NA,Recall2,123
w10105143_saa,bang,bang,4,JOL,fuzzy,Study1,U,Study Phase2,80,Recall2,4502
w10147078_err,,bang,4,JOL,fuzzy,Study1,U,Study Phase2,20,Recall2,2713
10068469SJ,,steak,4,JOL,give,Study1,U,Study Phase2,NA,Recall2,303
w10105143_saa,steak,steak,4,JOL,give,Study1,U,Study Phase2,30,Recall2,3282
w10147078_err,,steak,4,JOL,give,Study1,U,Study Phase2,50,Recall2,885
10068469SJ,,cotton,4,JOL,hard,Study1,M,Study Phase2,NA,Recall2,211
w10105143_saa,cotton,cotton,4,JOL,hard,Study1,M,Study Phase2,30,Recall2,7058
w10147078_err,,cotton,4,JOL,hard,Study1,M,Study Phase2,100,Recall2,1308
10068469SJ,,wheel,4,JOL,horse,Study1,M,Study Phase2,NA,Recall2,74
w10105143_saa,wheel,wheel,4,JOL,horse,Study1,M,Study Phase2,50,Recall2,5004
w10147078_err,,wheel,4,JOL,horse,Study1,M,Study Phase2,50,Recall2,1440
10068469SJ,,clean,4,JOL,hygiene,Study1,F,Study Phase2,NA,Recall2,9
w10105143_saa,clean,clean,4,JOL,hygiene,Study1,F,Study Phase2,50,Recall2,4504
w10147078_err,clean,clean,4,JOL,hygiene,Study1,F,Study Phase2,100,Recall2,3303
10068469SJ,,rod,4,JOL,keys,Study1,U,Study Phase2,NA,Recall2,115
w10105143_saa,rod,rod,4,JOL,keys,Study1,U,Study Phase2,15,Recall2,10073
w10147078_err,,rod,4,JOL,keys,Study1,U,Study Phase2,20,Recall2,3007
10068469SJ,,stripes,4,JOL,lion,Study1,M,Study Phase2,NA,Recall2,238
w10105143_saa,stripes,stripes,4,JOL,lion,Study1,M,Study Phase2,80,Recall2,3019
w10147078_err,stripes,stripes,4,JOL,lion,Study1,M,Study Phase2,50,Recall2,4740
10068469SJ,,fiction,4,JOL,listen,Study1,U,Study Phase2,NA,Recall2,270
w10105143_saa,,fiction,4,JOL,listen,Study1,U,Study Phase2,70,Recall2,11036
w10147078_err,,fiction,4,JOL,listen,Study1,U,Study Phase2,0,Recall2,1141
10068469SJ,,trash,4,JOL,litter,Study1,F,Study Phase2,NA,Recall2,274
w10105143_saa,trash,trash,4,JOL,litter,Study1,F,Study Phase2,40,Recall2,3029
w10147078_err,,trash,4,JOL,litter,Study1,F,Study Phase2,100,Recall2,1945
10068469SJ,,phone,4,JOL,maze,Study1,U,Study Phase2,NA,Recall2,285
w10105143_saa,phone,phone,4,JOL,maze,Study1,U,Study Phase2,50,Recall2,1883
w10147078_err,,phone,4,JOL,maze,Study1,U,Study Phase2,0,Recall2,2252
10068469SJ,,keys,4,JOL,meat,Study1,U,Study Phase2,NA,Recall2,220
w10105143_saa,key,keys,4,JOL,meat,Study1,U,Study Phase2,60,Recall2,7141
w10147078_err,,keys,4,JOL,meat,Study1,U,Study Phase2,0,Recall2,6190
10068469SJ,,maroon,4,JOL,mirror,Study1,U,Study Phase2,NA,Recall2,201
w10105143_saa,maroon,maroon,4,JOL,mirror,Study1,U,Study Phase2,30,Recall2,2609
w10147078_err,maroon,maroon,4,JOL,mirror,Study1,U,Study Phase2,50,Recall2,3445
10068469SJ,,donkey,4,JOL,mule,Study1,F,Study Phase2,NA,Recall2,125
10068469SJ,,donkey,4,JOL,mule,Study1,F,Study Phase2,NA,Recall2,97
w10105143_saa,donkey,donkey,4,JOL,mule,Study1,F,Study Phase2,80,Recall2,2067
w10105143_saa,donkey,donkey,4,JOL,mule,Study1,F,Study Phase2,70,Recall2,2427
w10147078_err,,donkey,4,JOL,mule,Study1,F,Study Phase2,100,Recall2,915
w10147078_err,,donkey,4,JOL,mule,Study1,F,Study Phase2,100,Recall2,849
10068469SJ,,sleep,4,JOL,nap,Study1,F,Study Phase2,NA,Recall2,140
w10105143_saa,sleep,sleep,4,JOL,nap,Study1,F,Study Phase2,80,Recall2,2492
w10147078_err,sleep,sleep,4,JOL,nap,Study1,F,Study Phase2,100,Recall2,5878
10068469SJ,,flower,4,JOL,orchid,Study1,F,Study Phase2,NA,Recall2,197
w10105143_saa,flower,flower,4,JOL,orchid,Study1,F,Study Phase2,60,Recall2,3491
w10147078_err,flower,flower,4,JOL,orchid,Study1,F,Study Phase2,100,Recall2,4031
10068469SJ,,plant,4,JOL,root,Study1,F,Study Phase2,NA,Recall2,165
w10105143_saa,plant,plant,4,JOL,root,Study1,F,Study Phase2,60,Recall2,3605
w10147078_err,plant,plant,4,JOL,root,Study1,F,Study Phase2,100,Recall2,4779
10068469SJ,,silk,4,JOL,rough,Study1,M,Study Phase2,NA,Recall2,284
w10105143_saa,silk,silk,4,JOL,rough,Study1,M,Study Phase2,50,Recall2,3237
w10147078_err,silk,silk,4,JOL,rough,Study1,M,Study Phase2,100,Recall2,3823
10068469SJ,,head,4,JOL,scalp,Study1,F,Study Phase2,NA,Recall2,193
w10105143_saa,head,head,4,JOL,scalp,Study1,F,Study Phase2,60,Recall2,1471
w10147078_err,head,head,4,JOL,scalp,Study1,F,Study Phase2,100,Recall2,3058
10068469SJ,,shake,4,JOL,shell,Study1,U,Study Phase2,NA,Recall2,9
w10105143_saa,shake,shake,4,JOL,shell,Study1,U,Study Phase2,60,Recall2,1976
w10147078_err,,shake,4,JOL,shell,Study1,U,Study Phase2,50,Recall2,2288
10068469SJ,,tick,4,JOL,sign,Study1,U,Study Phase2,NA,Recall2,246
w10105143_saa,tick,tick,4,JOL,sign,Study1,U,Study Phase2,60,Recall2,5223
w10147078_err,sick,tick,4,JOL,sign,Study1,U,Study Phase2,50,Recall2,4211
10068469SJ,,drink,4,JOL,sip,Study1,F,Study Phase2,NA,Recall2,191
w10105143_saa,drink,drink,4,JOL,sip,Study1,F,Study Phase2,60,Recall2,1746
w10147078_err,drink,drink,4,JOL,sip,Study1,F,Study Phase2,100,Recall2,4669
10068469SJ,,belt,4,JOL,soon,Study1,U,Study Phase2,NA,Recall2,701
w10105143_saa,sick,belt,4,JOL,soon,Study1,U,Study Phase2,60,Recall2,15895
w10147078_err,,belt,4,JOL,soon,Study1,U,Study Phase2,0,Recall2,1749
10068469SJ,,cloth,4,JOL,stretch,Study1,U,Study Phase2,NA,Recall2,32
w10105143_saa,fabric,cloth,4,JOL,stretch,Study1,U,Study Phase2,60,Recall2,7271
w10147078_err,,cloth,4,JOL,stretch,Study1,U,Study Phase2,50,Recall2,2601
10068469SJ,,bird,4,JOL,swan,Study1,F,Study Phase2,NA,Recall2,101
w10105143_saa,bird,bird,4,JOL,swan,Study1,F,Study Phase2,60,Recall2,2233
w10147078_err,bird,bird,4,JOL,swan,Study1,F,Study Phase2,100,Recall2,4200
10068469SJ,,morning,4,JOL,temperature,Study1,U,Study Phase2,NA,Recall2,95
w10105143_saa,morning,morning,4,JOL,temperature,Study1,U,Study Phase2,80,Recall2,2284
w10147078_err,morning,morning,4,JOL,temperature,Study1,U,Study Phase2,50,Recall2,6408
10068469SJ,,hair,4,JOL,tooth,Study1,M,Study Phase2,NA,Recall2,337
w10105143_saa,hair,hair,4,JOL,tooth,Study1,M,Study Phase2,70,Recall2,1841
w10147078_err,,hair,4,JOL,tooth,Study1,M,Study Phase2,0,Recall2,8246
10068469SJ,,syrup,4,JOL,tree,Study1,M,Study Phase2,NA,Recall2,154
w10105143_saa,green,syrup,4,JOL,tree,Study1,M,Study Phase2,45,Recall2,14311
w10147078_err,,syrup,4,JOL,tree,Study1,M,Study Phase2,15,Recall2,1052
10068469SJ,,fish,4,JOL,tuna,Study1,F,Study Phase2,NA,Recall2,160
w10105143_saa,fish,fish,4,JOL,tuna,Study1,F,Study Phase2,65,Recall2,1615
w10147078_err,fish,fish,4,JOL,tuna,Study1,F,Study Phase2,100,Recall2,2969
10068469SJ,,charm,4,JOL,vehicle,Study1,U,Study Phase2,NA,Recall2,230
w10105143_saa,,charm,4,JOL,vehicle,Study1,U,Study Phase2,50,Recall2,3688
w10147078_err,,charm,4,JOL,vehicle,Study1,U,Study Phase2,30,Recall2,4068
10068469SJ,,money,4,JOL,wage,Study1,F,Study Phase2,NA,Recall2,198
w10105143_saa,money,money,4,JOL,wage,Study1,F,Study Phase2,70,Recall2,2599
w10147078_err,money,money,4,JOL,wage,Study1,F,Study Phase2,100,Recall2,2848
10068469SJ,,quiet,4,JOL,war,Study1,M,Study Phase2,NA,Recall2,61
w10105143_saa,quiet,quiet,4,JOL,war,Study1,M,Study Phase2,70,Recall2,1756
w10147078_err,quiet,quiet,4,JOL,war,Study1,M,Study Phase2,100,Recall2,3490
10068469SJ,,finger,4,JOL,wedding,Study1,M,Study Phase2,NA,Recall2,266
w10105143_saa,finger,finger,4,JOL,wedding,Study1,M,Study Phase2,75,Recall2,1790
w10147078_err,,finger,4,JOL,wedding,Study1,M,Study Phase2,100,Recall2,3431
10068469SJ,,sentence,4,JOL,word,Study1,F,Study Phase2,NA,Recall2,31
w10105143_saa,sentence,sentence,4,JOL,word,Study1,F,Study Phase2,75,Recall2,3145
w10147078_err,,sentence,4,JOL,word,Study1,F,Study Phase2,100,Recall2,5417
w10150573_kaj,,wolf,2,JOL,art,Study2,U,Study Phase2,0,Recall2,1148
W10156412_WAGR,,wolf,2,JOL,art,Study2,U,Study Phase2,100,Recall2,4407
w10150573_kaj,,bronze,2,JOL,artery,Study2,U,Study Phase2,10,Recall2,1837
W10156412_WAGR,bronze,bronze,2,JOL,artery,Study2,U,Study Phase2,60,Recall2,4002
w10150573_kaj,,clothes,2,JOL,attire,Study2,F,Study Phase2,100,Recall2,2133
W10156412_WAGR,clothing,clothes,2,JOL,attire,Study2,F,Study Phase2,65,Recall2,3913
w10150573_kaj,,horn,2,JOL,bench,Study2,U,Study Phase2,10,Recall2,1364
W10156412_WAGR,,horn,2,JOL,bench,Study2,U,Study Phase2,10,Recall2,4136
w10150573_kaj,fire,fire,2,JOL,blaze,Study2,F,Study Phase2,100,Recall2,1272
W10156412_WAGR,fire,fire,2,JOL,blaze,Study2,F,Study Phase2,80,Recall2,1770
w10150573_kaj,,ounce,2,JOL,both,Study2,U,Study Phase2,0,Recall2,1036
W10156412_WAGR,,ounce,2,JOL,both,Study2,U,Study Phase2,5,Recall2,2050
w10150573_kaj,water,water,2,JOL,bridge,Study2,F,Study Phase2,100,Recall2,4846
W10156412_WAGR,water,water,2,JOL,bridge,Study2,F,Study Phase2,95,Recall2,1989
w10150573_kaj,plant,plant,2,JOL,cactus,Study2,F,Study Phase2,100,Recall2,3958
W10156412_WAGR,plant,plant,2,JOL,cactus,Study2,F,Study Phase2,100,Recall2,1781
w10150573_kaj,,leg,2,JOL,cash,Study2,U,Study Phase2,20,Recall2,1592
W10156412_WAGR,,leg,2,JOL,cash,Study2,U,Study Phase2,25,Recall2,9792
w10150573_kaj,red,red,2,JOL,cherry,Study2,F,Study Phase2,100,Recall2,1360
W10156412_WAGR,red,red,2,JOL,cherry,Study2,F,Study Phase2,98,Recall2,1621
w10150573_kaj,cold,cold,2,JOL,chill,Study2,F,Study Phase2,100,Recall2,1319
W10156412_WAGR,,cold,2,JOL,chill,Study2,F,Study Phase2,95,Recall2,5666
w10150573_kaj,hammer,hammer,2,JOL,chisel,Study2,F,Study Phase2,10,Recall2,1543
W10156412_WAGR,hammer,hammer,2,JOL,chisel,Study2,F,Study Phase2,90,Recall2,5421
w10150573_kaj,cut,cut,2,JOL,chop,Study2,F,Study Phase2,100,Recall2,1286
W10156412_WAGR,cut,cut,2,JOL,chop,Study2,F,Study Phase2,90,Recall2,3492
w10150573_kaj,,business,2,JOL,death,Study2,U,Study Phase2,30,Recall2,1264
W10156412_WAGR,,business,2,JOL,death,Study2,U,Study Phase2,90,Recall2,4655
w10150573_kaj,,sack,2,JOL,dietary,Study2,U,Study Phase2,0,Recall2,3636
W10156412_WAGR,,sack,2,JOL,dietary,Study2,U,Study Phase2,25,Recall2,4020
w10150573_kaj,paper,paper,2,JOL,document,Study2,F,Study Phase2,10,Recall2,2207
W10156412_WAGR,paper,paper,2,JOL,document,Study2,F,Study Phase2,90,Recall2,4449
w10150573_kaj,smell,smell,2,JOL,eyes,Study2,M,Study Phase2,50,Recall2,2109
W10156412_WAGR,smell,smell,2,JOL,eyes,Study2,M,Study Phase2,75,Recall2,6149
w10150573_kaj,fight,fight,2,JOL,feud,Study2,F,Study Phase2,100,Recall2,4169
W10156412_WAGR,fight,fight,2,JOL,feud,Study2,F,Study Phase2,95,Recall2,2341
w10150573_kaj,basket,thigh,2,JOL,grill,Study2,M,Study Phase2,50,Recall2,4491
W10156412_WAGR,leg,thigh,2,JOL,grill,Study2,M,Study Phase2,50,Recall2,4977
w10150573_kaj,car,car,2,JOL,happy,Study2,U,Study Phase2,70,Recall2,3996
W10156412_WAGR,car,car,2,JOL,happy,Study2,U,Study Phase2,15,Recall2,1921
w10150573_kaj,,feather,2,JOL,heavy,Study2,M,Study Phase2,50,Recall2,2223
W10156412_WAGR,,feather,2,JOL,heavy,Study2,M,Study Phase2,55,Recall2,2729
w10150573_kaj,cow,cow,2,JOL,herd,Study2,F,Study Phase2,90,Recall2,1326
W10156412_WAGR,cows,cow,2,JOL,herd,Study2,F,Study Phase2,75,Recall2,2923
w10150573_kaj,sting,sting,2,JOL,hornet,Study2,F,Study Phase2,100,Recall2,1595
W10156412_WAGR,sting,sting,2,JOL,hornet,Study2,F,Study Phase2,100,Recall2,2676
w10150573_kaj,smell,smell,2,JOL,incense,Study2,F,Study Phase2,90,Recall2,1628
W10156412_WAGR,scent,smell,2,JOL,incense,Study2,F,Study Phase2,100,Recall2,4890
w10150573_kaj,size,vase,2,JOL,king,Study2,U,Study Phase2,0,Recall2,6009
W10156412_WAGR,,vase,2,JOL,king,Study2,U,Study Phase2,25,Recall2,9346
w10150573_kaj,baseball,baseball,2,JOL,league,Study2,F,Study Phase2,100,Recall2,4245
W10156412_WAGR,baseball,baseball,2,JOL,league,Study2,F,Study Phase2,75,Recall2,3379
w10150573_kaj,,toil,2,JOL,lease,Study2,U,Study Phase2,0,Recall2,1466
W10156412_WAGR,toil,toil,2,JOL,lease,Study2,U,Study Phase2,25,Recall2,3723
w10150573_kaj,children,children,2,JOL,mirror,Study2,U,Study Phase2,0,Recall2,4864
W10156412_WAGR,children,children,2,JOL,mirror,Study2,U,Study Phase2,80,Recall2,2855
w10150573_kaj,lawyer,lawyer,2,JOL,nurse,Study2,M,Study Phase2,50,Recall2,2329
W10156412_WAGR,lawyer ,lawyer,2,JOL,nurse,Study2,M,Study Phase2,75,Recall2,10507
w10150573_kaj,,basket,2,JOL,oven,Study2,M,Study Phase2,0,Recall2,3562
W10156412_WAGR,,basket,2,JOL,oven,Study2,M,Study Phase2,50,Recall2,3098
w10150573_kaj,collar,collar,2,JOL,pants,Study2,M,Study Phase2,100,Recall2,1898
W10156412_WAGR,,collar,2,JOL,pants,Study2,M,Study Phase2,45,Recall2,3199
w10150573_kaj,,clutter,2,JOL,push,Study2,U,Study Phase2,10,Recall2,2115
W10156412_WAGR,,clutter,2,JOL,push,Study2,U,Study Phase2,25,Recall2,5036
w10150573_kaj,seeds,seed,2,JOL,rake,Study2,M,Study Phase2,50,Recall2,4607
W10156412_WAGR,seed,seed,2,JOL,rake,Study2,M,Study Phase2,40,Recall2,1905
w10150573_kaj,,muscle,2,JOL,razor,Study2,M,Study Phase2,0,Recall2,2313
W10156412_WAGR,,muscle,2,JOL,razor,Study2,M,Study Phase2,75,Recall2,4259
w10150573_kaj,,island,2,JOL,reality,Study2,M,Study Phase2,400,Recall2,4356
W10156412_WAGR,,island,2,JOL,reality,Study2,M,Study Phase2,100,Recall2,3338
w10150573_kaj,,stop,2,JOL,school,Study2,M,Study Phase2,40,Recall2,2934
W10156412_WAGR,stop,stop,2,JOL,school,Study2,M,Study Phase2,90,Recall2,2175
w10150573_kaj,,hide,2,JOL,sick,Study2,U,Study Phase2,10,Recall2,1071
W10156412_WAGR,,hide,2,JOL,sick,Study2,U,Study Phase2,5,Recall2,4978
w10150573_kaj,clean,drink,2,JOL,soap,Study2,M,Study Phase2,0,Recall2,3803
W10156412_WAGR,drink,drink,2,JOL,soap,Study2,M,Study Phase2,75,Recall2,3248
w10150573_kaj,,accident,2,JOL,strong,Study2,U,Study Phase2,30,Recall2,2162
W10156412_WAGR,,accident,2,JOL,strong,Study2,U,Study Phase2,60,Recall2,4140
w10150573_kaj,,riddle,2,JOL,sugar,Study2,U,Study Phase2,10,Recall2,1117
W10156412_WAGR,loose,riddle,2,JOL,sugar,Study2,U,Study Phase2,15,Recall2,6602
w10150573_kaj,,snow,2,JOL,summer,Study2,M,Study Phase2,10,Recall2,2240
W10156412_WAGR,snow,snow,2,JOL,summer,Study2,M,Study Phase2,90,Recall2,2399
w10150573_kaj,cave,cave,2,JOL,trap,Study2,M,Study Phase2,10,Recall2,3188
W10156412_WAGR,,cave,2,JOL,trap,Study2,M,Study Phase2,70,Recall2,3765
w10150573_kaj,,peak,2,JOL,valley,Study2,M,Study Phase2,100,Recall2,993
W10156412_WAGR,peak,peak,2,JOL,valley,Study2,M,Study Phase2,85,Recall2,1789
w10150573_kaj,bug,bug,2,JOL,wasp,Study2,F,Study Phase2,100,Recall2,5928
W10156412_WAGR,bug,bug,2,JOL,wasp,Study2,F,Study Phase2,95,Recall2,6258
w10150573_kaj,,knob,2,JOL,window,Study2,M,Study Phase2,50,Recall2,3238
W10156412_WAGR,knob,knob,2,JOL,window,Study2,M,Study Phase2,10,Recall2,9023
10068469SJ,,wolf,4,JOL,art,Study2,U,Study Phase,0,Recall1,587
w10105143_saa,wolf,wolf,4,JOL,art,Study2,U,Study Phase,50,Recall1,5612
w10147078_err,,wolf,4,JOL,art,Study2,U,Study Phase,5,Recall1,1413
10068469SJ,,bronze,4,JOL,artery,Study2,U,Study Phase,0,Recall1,952
w10105143_saa,bronze,bronze,4,JOL,artery,Study2,U,Study Phase,60,Recall1,4656
w10147078_err,,bronze,4,JOL,artery,Study2,U,Study Phase,0,Recall1,2128
10068469SJ,,clothes,4,JOL,attire,Study2,F,Study Phase,0,Recall1,651
w10105143_saa,clothes,clothes,4,JOL,attire,Study2,F,Study Phase,70,Recall1,2988
w10147078_err,clothes,clothes,4,JOL,attire,Study2,F,Study Phase,50,Recall1,4189
10068469SJ,,horn,4,JOL,bench,Study2,U,Study Phase,0,Recall1,813
w10105143_saa,horn,horn,4,JOL,bench,Study2,U,Study Phase,40,Recall1,2678
w10147078_err,,horn,4,JOL,bench,Study2,U,Study Phase,2,Recall1,3189
10068469SJ,,fire,4,JOL,blaze,Study2,F,Study Phase,100,Recall1,335
w10105143_saa,fire,fire,4,JOL,blaze,Study2,F,Study Phase,30,Recall1,1556
w10147078_err,fire,fire,4,JOL,blaze,Study2,F,Study Phase,100,Recall1,3123
10068469SJ,,ounce,4,JOL,both,Study2,U,Study Phase,0,Recall1,915
w10105143_saa,ounce,ounce,4,JOL,both,Study2,U,Study Phase,40,Recall1,7270
w10147078_err,,ounce,4,JOL,both,Study2,U,Study Phase,5,Recall1,2018
10068469SJ,water,water,4,JOL,bridge,Study2,F,Study Phase,100,Recall1,3297
w10105143_saa,water,water,4,JOL,bridge,Study2,F,Study Phase,80,Recall1,4959
w10147078_err,water,water,4,JOL,bridge,Study2,F,Study Phase,100,Recall1,3715
10068469SJ,plant,plant,4,JOL,cactus,Study2,F,Study Phase,100,Recall1,4497
w10105143_saa,plant,plant,4,JOL,cactus,Study2,F,Study Phase,50,Recall1,2121
w10147078_err,plant,plant,4,JOL,cactus,Study2,F,Study Phase,50,Recall1,4078
10068469SJ,,leg,4,JOL,cash,Study2,U,Study Phase,0,Recall1,693
w10105143_saa,leg,leg,4,JOL,cash,Study2,U,Study Phase,50,Recall1,3719
w10147078_err,,leg,4,JOL,cash,Study2,U,Study Phase,10,Recall1,4307
10068469SJ,,red,4,JOL,cherry,Study2,F,Study Phase,0,Recall1,478
w10105143_saa,red,red,4,JOL,cherry,Study2,F,Study Phase,80,Recall1,1499
w10147078_err,red,red,4,JOL,cherry,Study2,F,Study Phase,50,Recall1,2975
10068469SJ,cold,cold,4,JOL,chill,Study2,F,Study Phase,100,Recall1,2249
w10105143_saa,cold,cold,4,JOL,chill,Study2,F,Study Phase,60,Recall1,1401
w10147078_err,cold,cold,4,JOL,chill,Study2,F,Study Phase,50,Recall1,3682
10068469SJ,,hammer,4,JOL,chisel,Study2,F,Study Phase,0,Recall1,457
w10105143_saa,hammer,hammer,4,JOL,chisel,Study2,F,Study Phase,70,Recall1,1804
w10147078_err,hammer,hammer,4,JOL,chisel,Study2,F,Study Phase,100,Recall1,4545
10068469SJ,,cut,4,JOL,chop,Study2,F,Study Phase,100,Recall1,1185
w10105143_saa,cut,cut,4,JOL,chop,Study2,F,Study Phase,60,Recall1,1907
w10147078_err,cut,cut,4,JOL,chop,Study2,F,Study Phase,100,Recall1,8496
10068469SJ,,business,4,JOL,death,Study2,U,Study Phase,0,Recall1,1094
w10105143_saa,business,business,4,JOL,death,Study2,U,Study Phase,80,Recall1,2686
w10147078_err,business ,business,4,JOL,death,Study2,U,Study Phase,10,Recall1,4526
10068469SJ,,sack,4,JOL,dietary,Study2,U,Study Phase,0,Recall1,1082
w10105143_saa,sack,sack,4,JOL,dietary,Study2,U,Study Phase,40,Recall1,2134
w10147078_err,,sack,4,JOL,dietary,Study2,U,Study Phase,0,Recall1,4383
10068469SJ,paper,paper,4,JOL,document,Study2,F,Study Phase,100,Recall1,2303
w10105143_saa,paper,paper,4,JOL,document,Study2,F,Study Phase,60,Recall1,1460
w10147078_err,paper,paper,4,JOL,document,Study2,F,Study Phase,100,Recall1,7613
10068469SJ,small,smell,4,JOL,eyes,Study2,M,Study Phase,100,Recall1,3778
w10105143_saa,smell,smell,4,JOL,eyes,Study2,M,Study Phase,30,Recall1,2539
w10147078_err,smell,smell,4,JOL,eyes,Study2,M,Study Phase,20,Recall1,7656
10068469SJ,,fight,4,JOL,feud,Study2,F,Study Phase,0,Recall1,816
w10105143_saa,fight,fight,4,JOL,feud,Study2,F,Study Phase,50,Recall1,1913
w10147078_err,fight,fight,4,JOL,feud,Study2,F,Study Phase,100,Recall1,3444
10068469SJ,,thigh,4,JOL,grill,Study2,M,Study Phase,0,Recall1,1465
w10105143_saa,thigh,thigh,4,JOL,grill,Study2,M,Study Phase,70,Recall1,5659
w10147078_err,thigh,thigh,4,JOL,grill,Study2,M,Study Phase,50,Recall1,4294
10068469SJ,,car,4,JOL,happy,Study2,U,Study Phase,10,Recall1,854
w10105143_saa,car,car,4,JOL,happy,Study2,U,Study Phase,40,Recall1,1568
w10147078_err,car,car,4,JOL,happy,Study2,U,Study Phase,20,Recall1,3108
10068469SJ,,feather,4,JOL,heavy,Study2,M,Study Phase,NA,Recall1,813
w10105143_saa,feather,feather,4,JOL,heavy,Study2,M,Study Phase,40,Recall1,3799
w10147078_err,feather,feather,4,JOL,heavy,Study2,M,Study Phase,50,Recall1,3842
10068469SJ,,cow,4,JOL,herd,Study2,F,Study Phase,100,Recall1,570
w10105143_saa,cow,cow,4,JOL,herd,Study2,F,Study Phase,90,Recall1,2133
w10147078_err,cow,cow,4,JOL,herd,Study2,F,Study Phase,99,Recall1,3289
10068469SJ,sting,sting,4,JOL,hornet,Study2,F,Study Phase,100,Recall1,2702
w10105143_saa,sting,sting,4,JOL,hornet,Study2,F,Study Phase,25,Recall1,2820
w10147078_err,sting,sting,4,JOL,hornet,Study2,F,Study Phase,100,Recall1,3463
10068469SJ,,smell,4,JOL,incense,Study2,F,Study Phase,0,Recall1,912
w10105143_saa,smell,smell,4,JOL,incense,Study2,F,Study Phase,60,Recall1,1584
w10147078_err,smell,smell,4,JOL,incense,Study2,F,Study Phase,100,Recall1,3370
10068469SJ,,vase,4,JOL,king,Study2,U,Study Phase,0,Recall1,814
w10105143_saa,vase,vase,4,JOL,king,Study2,U,Study Phase,40,Recall1,3677
w10147078_err,,vase,4,JOL,king,Study2,U,Study Phase,10,Recall1,7231
10068469SJ,baseball,baseball,4,JOL,league,Study2,F,Study Phase,100,Recall1,3065
w10105143_saa,baseball,baseball,4,JOL,league,Study2,F,Study Phase,80,Recall1,2216
w10147078_err,baseball,baseball,4,JOL,league,Study2,F,Study Phase,100,Recall1,4660
10068469SJ,,toil,4,JOL,lease,Study2,U,Study Phase,0,Recall1,793
w10105143_saa,hustle,toil,4,JOL,lease,Study2,U,Study Phase,15,Recall1,28792
w10147078_err,,toil,4,JOL,lease,Study2,U,Study Phase,0,Recall1,2164
10068469SJ,,children,4,JOL,mirror,Study2,U,Study Phase,0,Recall1,736
w10105143_saa,children,children,4,JOL,mirror,Study2,U,Study Phase,20,Recall1,2483
w10147078_err,chuldren,children,4,JOL,mirror,Study2,U,Study Phase,50,Recall1,3903
10068469SJ,lawyer,lawyer,4,JOL,nurse,Study2,M,Study Phase,100,Recall1,3252
w10105143_saa,lawyer,lawyer,4,JOL,nurse,Study2,M,Study Phase,70,Recall1,2205
w10147078_err,lawyer,lawyer,4,JOL,nurse,Study2,M,Study Phase,10,Recall1,7359
10068469SJ,,basket,4,JOL,oven,Study2,M,Study Phase,0,Recall1,10727
w10105143_saa,,basket,4,JOL,oven,Study2,M,Study Phase,20,Recall1,13115
w10147078_err,,basket,4,JOL,oven,Study2,M,Study Phase,30,Recall1,2873
10068469SJ,,collar,4,JOL,pants,Study2,M,Study Phase,NA,Recall1,396
w10105143_saa,collar,collar,4,JOL,pants,Study2,M,Study Phase,70,Recall1,3067
w10147078_err,,collar,4,JOL,pants,Study2,M,Study Phase,50,Recall1,3507
10068469SJ,,clutter,4,JOL,push,Study2,U,Study Phase,0,Recall1,429
w10105143_saa,,clutter,4,JOL,push,Study2,U,Study Phase,60,Recall1,11972
w10147078_err,clutter,clutter,4,JOL,push,Study2,U,Study Phase,0,Recall1,4127
10068469SJ,,seed,4,JOL,rake,Study2,M,Study Phase,0,Recall1,395
w10105143_saa,seed,seed,4,JOL,rake,Study2,M,Study Phase,30,Recall1,1588
w10147078_err,seed,seed,4,JOL,rake,Study2,M,Study Phase,50,Recall1,5151
10068469SJ,sharp,muscle,4,JOL,razor,Study2,M,Study Phase,1,Recall1,5162
w10105143_saa,muscle,muscle,4,JOL,razor,Study2,M,Study Phase,15,Recall1,3784
w10147078_err,,muscle,4,JOL,razor,Study2,M,Study Phase,10,Recall1,8428
10068469SJ,,island,4,JOL,reality,Study2,M,Study Phase,5,Recall1,564
w10105143_saa,island,island,4,JOL,reality,Study2,M,Study Phase,90,Recall1,2181
w10147078_err,island,island,4,JOL,reality,Study2,M,Study Phase,20,Recall1,3733
10068469SJ,stop,stop,4,JOL,school,Study2,M,Study Phase,100,Recall1,2345
w10105143_saa,stop,stop,4,JOL,school,Study2,M,Study Phase,70,Recall1,1782
w10147078_err,,stop,4,JOL,school,Study2,M,Study Phase,50,Recall1,3266
10068469SJ,,hide,4,JOL,sick,Study2,U,Study Phase,0,Recall1,1302
w10105143_saa,hide,hide,4,JOL,sick,Study2,U,Study Phase,50,Recall1,4873
w10147078_err,,hide,4,JOL,sick,Study2,U,Study Phase,0,Recall1,2550
10068469SJ,,drink,4,JOL,soap,Study2,M,Study Phase,2,Recall1,662
w10105143_saa,drink,drink,4,JOL,soap,Study2,M,Study Phase,35,Recall1,1751
w10147078_err,,drink,4,JOL,soap,Study2,M,Study Phase,5,Recall1,2305
10068469SJ,,accident,4,JOL,strong,Study2,U,Study Phase,0,Recall1,612
w10105143_saa,accident,accident,4,JOL,strong,Study2,U,Study Phase,20,Recall1,4443
w10147078_err,,accident,4,JOL,strong,Study2,U,Study Phase,15,Recall1,8610
10068469SJ,,riddle,4,JOL,sugar,Study2,U,Study Phase,0,Recall1,893
w10105143_saa,riddle,riddle,4,JOL,sugar,Study2,U,Study Phase,50,Recall1,20997
w10147078_err,,riddle,4,JOL,sugar,Study2,U,Study Phase,12,Recall1,2402
10068469SJ,spring,snow,4,JOL,summer,Study2,M,Study Phase,100,Recall1,3776
w10105143_saa,snow,snow,4,JOL,summer,Study2,M,Study Phase,50,Recall1,2000
w10147078_err,snow,snow,4,JOL,summer,Study2,M,Study Phase,50,Recall1,3244
10068469SJ,,cave,4,JOL,trap,Study2,M,Study Phase,100,Recall1,5301
w10105143_saa,cave,cave,4,JOL,trap,Study2,M,Study Phase,40,Recall1,2423
w10147078_err,cave,cave,4,JOL,trap,Study2,M,Study Phase,50,Recall1,4194
10068469SJ,,peak,4,JOL,valley,Study2,M,Study Phase,0,Recall1,3669
w10105143_saa,peak,peak,4,JOL,valley,Study2,M,Study Phase,75,Recall1,1643
w10147078_err,peak,peak,4,JOL,valley,Study2,M,Study Phase,50,Recall1,3350
10068469SJ,bug,bug,4,JOL,wasp,Study2,F,Study Phase,100,Recall1,2980
w10105143_saa,bug,bug,4,JOL,wasp,Study2,F,Study Phase,20,Recall1,2855
w10147078_err,bug,bug,4,JOL,wasp,Study2,F,Study Phase,100,Recall1,8049
10068469SJ,,knob,4,JOL,window,Study2,M,Study Phase,0,Recall1,1381
w10105143_saa,knob,knob,4,JOL,window,Study2,M,Study Phase,40,Recall1,2894
w10147078_err,,knob,4,JOL,window,Study2,M,Study Phase,10,Recall1,2298
