"Username","Response.Response","Stimuli.Answer","Condition.Number","Condition.Description","Stimuli.Cue","Stimuli.Shuffle","Stimuli.Stimuli.Notes","Procedure.Shuffle","Procedure.Shuffle.1","Response.RT"
"10143815SK","love","love",1,"Read","affection","Study1","F","Study Phase","Recall1",3109
"w10062326CT","love","love",1,"Read","affection","Study1","F","Study Phase","Recall1",1912
"w10085225L.S","love","love",1,"Read","affection","Study1","F","Study Phase","Recall1",3026
"w10133134_lpc","love","love",1,"Read","affection","Study1","F","Study Phase","Recall1",2951
"w10157282_HBR","love","love",1,"Read","affection","Study1","F","Study Phase","Recall1",2939
"10143815SK","","bounce",1,"Read","bat","Study1","M","Study Phase","Recall1",2145
"w10062326CT","bounce","bounce",1,"Read","bat","Study1","M","Study Phase","Recall1",3026
"w10085225L.S","call","bounce",1,"Read","bat","Study1","M","Study Phase","Recall1",8069
"w10133134_lpc","butter","bounce",1,"Read","bat","Study1","M","Study Phase","Recall1",5861
"w10157282_HBR","ball","bounce",1,"Read","bat","Study1","M","Study Phase","Recall1",14944
"10143815SK","","box",1,"Read","beach","Study1","M","Study Phase","Recall1",1553
"w10062326CT","sand","box",1,"Read","beach","Study1","M","Study Phase","Recall1",2463
"w10085225L.S","tan","box",1,"Read","beach","Study1","M","Study Phase","Recall1",2596
"w10133134_lpc","box","box",1,"Read","beach","Study1","M","Study Phase","Recall1",3839
"w10157282_HBR","sand","box",1,"Read","beach","Study1","M","Study Phase","Recall1",5816
"10143815SK","pie","pie",1,"Read","birthday","Study1","M","Study Phase","Recall1",2460
"w10062326CT","pie","pie",1,"Read","birthday","Study1","M","Study Phase","Recall1",2301
"w10085225L.S","cake","pie",1,"Read","birthday","Study1","M","Study Phase","Recall1",2305
"w10133134_lpc","pie","pie",1,"Read","birthday","Study1","M","Study Phase","Recall1",3149
"w10157282_HBR","pie","pie",1,"Read","birthday","Study1","M","Study Phase","Recall1",2830
"10143815SK","birthday","hand",1,"Read","cake","Study1","U","Study Phase","Recall1",10627
"w10062326CT","fork","hand",1,"Read","cake","Study1","U","Study Phase","Recall1",9888
"w10085225L.S","bake","hand",1,"Read","cake","Study1","U","Study Phase","Recall1",2513
"w10133134_lpc","pie","hand",1,"Read","cake","Study1","U","Study Phase","Recall1",9292
"w10157282_HBR","plate","hand",1,"Read","cake","Study1","U","Study Phase","Recall1",9320
"10143815SK","","carpet",1,"Read","ceiling","Study1","M","Study Phase","Recall1",2063
"w10062326CT","carpet","carpet",1,"Read","ceiling","Study1","M","Study Phase","Recall1",4761
"w10085225L.S","fan","carpet",1,"Read","ceiling","Study1","M","Study Phase","Recall1",5965
"w10133134_lpc","sky","carpet",1,"Read","ceiling","Study1","M","Study Phase","Recall1",8396
"w10157282_HBR","roof","carpet",1,"Read","ceiling","Study1","M","Study Phase","Recall1",4907
"10143815SK","root","dance",1,"Read","circle","Study1","M","Study Phase","Recall1",56796
"w10062326CT","dance","dance",1,"Read","circle","Study1","M","Study Phase","Recall1",1806
"w10085225L.S","square","dance",1,"Read","circle","Study1","M","Study Phase","Recall1",7711
"w10133134_lpc","frank","dance",1,"Read","circle","Study1","M","Study Phase","Recall1",9367
"w10157282_HBR","round","dance",1,"Read","circle","Study1","M","Study Phase","Recall1",2510
"10143815SK","","election",1,"Read","crackle","Study1","U","Study Phase","Recall1",1307
"w10062326CT","election","election",1,"Read","crackle","Study1","U","Study Phase","Recall1",2709
"w10085225L.S","fire","election",1,"Read","crackle","Study1","U","Study Phase","Recall1",3497
"w10133134_lpc","pop","election",1,"Read","crackle","Study1","U","Study Phase","Recall1",3092
"w10157282_HBR","pop","election",1,"Read","crackle","Study1","U","Study Phase","Recall1",2910
"10143815SK","card","card",1,"Read","credit","Study1","F","Study Phase","Recall1",2974
"w10062326CT","card","card",1,"Read","credit","Study1","F","Study Phase","Recall1",1698
"w10085225L.S","card","card",1,"Read","credit","Study1","F","Study Phase","Recall1",2909
"w10133134_lpc","card","card",1,"Read","credit","Study1","F","Study Phase","Recall1",3592
"w10157282_HBR","card","card",1,"Read","credit","Study1","F","Study Phase","Recall1",9280
"10143815SK","","bottle",1,"Read","cry","Study1","M","Study Phase","Recall1",3684
"w10062326CT","tear","bottle",1,"Read","cry","Study1","M","Study Phase","Recall1",42950
"w10085225L.S","baby","bottle",1,"Read","cry","Study1","M","Study Phase","Recall1",2073
"w10133134_lpc","happy","bottle",1,"Read","cry","Study1","M","Study Phase","Recall1",3983
"w10157282_HBR","sad","bottle",1,"Read","cry","Study1","M","Study Phase","Recall1",4922
"10143815SK","night","dark",1,"Read","day","Study1","M","Study Phase","Recall1",3343
"w10062326CT","morning","dark",1,"Read","day","Study1","M","Study Phase","Recall1",4853
"w10085225L.S","night","dark",1,"Read","day","Study1","M","Study Phase","Recall1",3654
"w10133134_lpc","night","dark",1,"Read","day","Study1","M","Study Phase","Recall1",4181
"w10157282_HBR","night","dark",1,"Read","day","Study1","M","Study Phase","Recall1",4236
"10143815SK","","bang",1,"Read","fuzzy","Study1","U","Study Phase","Recall1",1564
"w10062326CT","bomb","bang",1,"Read","fuzzy","Study1","U","Study Phase","Recall1",15197
"w10085225L.S","socks","bang",1,"Read","fuzzy","Study1","U","Study Phase","Recall1",4270
"w10133134_lpc","furry","bang",1,"Read","fuzzy","Study1","U","Study Phase","Recall1",3941
"w10157282_HBR","soft","bang",1,"Read","fuzzy","Study1","U","Study Phase","Recall1",7252
"10143815SK","","steak",1,"Read","give","Study1","U","Study Phase","Recall1",1768
"w10062326CT","hand","steak",1,"Read","give","Study1","U","Study Phase","Recall1",53772
"w10085225L.S","take","steak",1,"Read","give","Study1","U","Study Phase","Recall1",3640
"w10133134_lpc","take","steak",1,"Read","give","Study1","U","Study Phase","Recall1",2852
"w10157282_HBR","take","steak",1,"Read","give","Study1","U","Study Phase","Recall1",4614
"10143815SK","","cotton",1,"Read","hard","Study1","M","Study Phase","Recall1",1228
"w10062326CT","cotton","cotton",1,"Read","hard","Study1","M","Study Phase","Recall1",3227
"w10085225L.S","soft","cotton",1,"Read","hard","Study1","M","Study Phase","Recall1",3685
"w10133134_lpc","rough","cotton",1,"Read","hard","Study1","M","Study Phase","Recall1",5185
"w10157282_HBR","soft","cotton",1,"Read","hard","Study1","M","Study Phase","Recall1",10917
"10143815SK","","wheel",1,"Read","horse","Study1","M","Study Phase","Recall1",1533
"w10062326CT","wheel","wheel",1,"Read","horse","Study1","M","Study Phase","Recall1",2310
"w10085225L.S","cow","wheel",1,"Read","horse","Study1","M","Study Phase","Recall1",2306
"w10133134_lpc","ride","wheel",1,"Read","horse","Study1","M","Study Phase","Recall1",5704
"w10157282_HBR","carriage","wheel",1,"Read","horse","Study1","M","Study Phase","Recall1",36876
"10143815SK","clean","clean",1,"Read","hygiene","Study1","F","Study Phase","Recall1",2979
"w10062326CT","clean","clean",1,"Read","hygiene","Study1","F","Study Phase","Recall1",12441
"w10085225L.S","clean","clean",1,"Read","hygiene","Study1","F","Study Phase","Recall1",4486
"w10133134_lpc","clean","clean",1,"Read","hygiene","Study1","F","Study Phase","Recall1",3840
"w10157282_HBR","clean","clean",1,"Read","hygiene","Study1","F","Study Phase","Recall1",10956
"10143815SK","hunt","rod",1,"Read","keys","Study1","U","Study Phase","Recall1",7739
"w10062326CT","house","rod",1,"Read","keys","Study1","U","Study Phase","Recall1",3285
"w10085225L.S","car","rod",1,"Read","keys","Study1","U","Study Phase","Recall1",4221
"w10133134_lpc","rod","rod",1,"Read","keys","Study1","U","Study Phase","Recall1",2763
"w10157282_HBR","lock","rod",1,"Read","keys","Study1","U","Study Phase","Recall1",2838
"10143815SK","","stripes",1,"Read","lion","Study1","M","Study Phase","Recall1",1765
"w10062326CT","stripes","stripes",1,"Read","lion","Study1","M","Study Phase","Recall1",4768
"w10085225L.S","car","stripes",1,"Read","lion","Study1","M","Study Phase","Recall1",2325
"w10133134_lpc","stripes","stripes",1,"Read","lion","Study1","M","Study Phase","Recall1",3407
"w10157282_HBR","mane ","stripes",1,"Read","lion","Study1","M","Study Phase","Recall1",2311
"10143815SK","","fiction",1,"Read","listen","Study1","U","Study Phase","Recall1",3381
"w10062326CT","hear","fiction",1,"Read","listen","Study1","U","Study Phase","Recall1",3367
"w10085225L.S","hear","fiction",1,"Read","listen","Study1","U","Study Phase","Recall1",2866
"w10133134_lpc","talk","fiction",1,"Read","listen","Study1","U","Study Phase","Recall1",4036
"w10157282_HBR","talk","fiction",1,"Read","listen","Study1","U","Study Phase","Recall1",1934
"10143815SK","","trash",1,"Read","litter","Study1","F","Study Phase","Recall1",3070
"w10062326CT","box","trash",1,"Read","litter","Study1","F","Study Phase","Recall1",4371
"w10085225L.S","trash","trash",1,"Read","litter","Study1","F","Study Phase","Recall1",3595
"w10133134_lpc","trash","trash",1,"Read","litter","Study1","F","Study Phase","Recall1",3150
"w10157282_HBR","trash","trash",1,"Read","litter","Study1","F","Study Phase","Recall1",4280
"10143815SK","moot","phone",1,"Read","maze","Study1","U","Study Phase","Recall1",3311
"w10062326CT","phone","phone",1,"Read","maze","Study1","U","Study Phase","Recall1",1975
"w10085225L.S","corn","phone",1,"Read","maze","Study1","U","Study Phase","Recall1",3201
"w10133134_lpc","phone","phone",1,"Read","maze","Study1","U","Study Phase","Recall1",3277
"w10157282_HBR","path","phone",1,"Read","maze","Study1","U","Study Phase","Recall1",11840
"10143815SK","","keys",1,"Read","meat","Study1","U","Study Phase","Recall1",1614
"w10062326CT","food","keys",1,"Read","meat","Study1","U","Study Phase","Recall1",4620
"w10085225L.S","cow","keys",1,"Read","meat","Study1","U","Study Phase","Recall1",4499
"w10133134_lpc","bang","keys",1,"Read","meat","Study1","U","Study Phase","Recall1",5950
"w10157282_HBR","loaf","keys",1,"Read","meat","Study1","U","Study Phase","Recall1",4342
"10143815SK","marrow","maroon",1,"Read","mirror","Study1","U","Study Phase","Recall1",5160
"w10062326CT","maroon","maroon",1,"Read","mirror","Study1","U","Study Phase","Recall1",3495
"w10085225L.S","wall","maroon",1,"Read","mirror","Study1","U","Study Phase","Recall1",3329
"w10133134_lpc","maroon","maroon",1,"Read","mirror","Study1","U","Study Phase","Recall1",4569
"w10157282_HBR","","maroon",1,"Read","mirror","Study1","U","Study Phase","Recall1",11568
"10143815SK","","donkey",1,"Read","mule","Study1","F","Study Phase","Recall1",1970
"10143815SK","","donkey",1,"Read","mule","Study1","F","Study Phase","Recall1",1545
"w10062326CT","horse","donkey",1,"Read","mule","Study1","F","Study Phase","Recall1",3577
"w10062326CT","horse","donkey",1,"Read","mule","Study1","F","Study Phase","Recall1",2876
"w10085225L.S","donkey","donkey",1,"Read","mule","Study1","F","Study Phase","Recall1",7195
"w10085225L.S","donkey","donkey",1,"Read","mule","Study1","F","Study Phase","Recall1",7972
"w10133134_lpc","donkey","donkey",1,"Read","mule","Study1","F","Study Phase","Recall1",3254
"w10133134_lpc","donkey","donkey",1,"Read","mule","Study1","F","Study Phase","Recall1",3303
"w10157282_HBR","donkey","donkey",1,"Read","mule","Study1","F","Study Phase","Recall1",2029
"w10157282_HBR","donkey","donkey",1,"Read","mule","Study1","F","Study Phase","Recall1",3021
"10143815SK","sleep","sleep",1,"Read","nap","Study1","F","Study Phase","Recall1",3218
"w10062326CT","sleep","sleep",1,"Read","nap","Study1","F","Study Phase","Recall1",1671
"w10085225L.S","sleep","sleep",1,"Read","nap","Study1","F","Study Phase","Recall1",2515
"w10133134_lpc","sleep","sleep",1,"Read","nap","Study1","F","Study Phase","Recall1",3432
"w10157282_HBR","sleep","sleep",1,"Read","nap","Study1","F","Study Phase","Recall1",2732
"10143815SK","","flower",1,"Read","orchid","Study1","F","Study Phase","Recall1",2638
"w10062326CT","flower","flower",1,"Read","orchid","Study1","F","Study Phase","Recall1",1844
"w10085225L.S","idk","flower",1,"Read","orchid","Study1","F","Study Phase","Recall1",4493
"w10133134_lpc","flower","flower",1,"Read","orchid","Study1","F","Study Phase","Recall1",3510
"w10157282_HBR","flower","flower",1,"Read","orchid","Study1","F","Study Phase","Recall1",6198
"10143815SK","","plant",1,"Read","root","Study1","F","Study Phase","Recall1",4167
"w10062326CT","tree","plant",1,"Read","root","Study1","F","Study Phase","Recall1",7139
"w10085225L.S","flower","plant",1,"Read","root","Study1","F","Study Phase","Recall1",6119
"w10133134_lpc","plant","plant",1,"Read","root","Study1","F","Study Phase","Recall1",4793
"w10157282_HBR","plant","plant",1,"Read","root","Study1","F","Study Phase","Recall1",3249
"10143815SK","","silk",1,"Read","rough","Study1","M","Study Phase","Recall1",3784
"w10062326CT","soft","silk",1,"Read","rough","Study1","M","Study Phase","Recall1",3742
"w10085225L.S","smooth","silk",1,"Read","rough","Study1","M","Study Phase","Recall1",5835
"w10133134_lpc","silk","silk",1,"Read","rough","Study1","M","Study Phase","Recall1",4009
"w10157282_HBR","","silk",1,"Read","rough","Study1","M","Study Phase","Recall1",6552
"10143815SK","head","head",1,"Read","scalp","Study1","F","Study Phase","Recall1",4132
"w10062326CT","head","head",1,"Read","scalp","Study1","F","Study Phase","Recall1",3144
"w10085225L.S","idk\","head",1,"Read","scalp","Study1","F","Study Phase","Recall1",4171
"w10133134_lpc","hand","head",1,"Read","scalp","Study1","F","Study Phase","Recall1",3655
"w10157282_HBR","head","head",1,"Read","scalp","Study1","F","Study Phase","Recall1",4011
"10143815SK","","shake",1,"Read","shell","Study1","U","Study Phase","Recall1",5914
"w10062326CT","shake","shake",1,"Read","shell","Study1","U","Study Phase","Recall1",4265
"w10085225L.S","fish","shake",1,"Read","shell","Study1","U","Study Phase","Recall1",2536
"w10133134_lpc","slap","shake",1,"Read","shell","Study1","U","Study Phase","Recall1",7181
"w10157282_HBR","shock","shake",1,"Read","shell","Study1","U","Study Phase","Recall1",2403
"10143815SK","","tick",1,"Read","sign","Study1","U","Study Phase","Recall1",3576
"w10062326CT","tick","tick",1,"Read","sign","Study1","U","Study Phase","Recall1",2871
"w10085225L.S","road","tick",1,"Read","sign","Study1","U","Study Phase","Recall1",4968
"w10133134_lpc","thin","tick",1,"Read","sign","Study1","U","Study Phase","Recall1",9320
"w10157282_HBR","stop","tick",1,"Read","sign","Study1","U","Study Phase","Recall1",8086
"10143815SK","code","drink",1,"Read","sip","Study1","F","Study Phase","Recall1",3204
"w10062326CT","drink","drink",1,"Read","sip","Study1","F","Study Phase","Recall1",4462
"w10085225L.S","drink","drink",1,"Read","sip","Study1","F","Study Phase","Recall1",4950
"w10133134_lpc","drink","drink",1,"Read","sip","Study1","F","Study Phase","Recall1",3976
"w10157282_HBR","stir","drink",1,"Read","sip","Study1","F","Study Phase","Recall1",20498
"10143815SK","","belt",1,"Read","soon","Study1","U","Study Phase","Recall1",21641
"w10062326CT","later","belt",1,"Read","soon","Study1","U","Study Phase","Recall1",4324
"w10085225L.S","idk","belt",1,"Read","soon","Study1","U","Study Phase","Recall1",35549
"w10133134_lpc","later","belt",1,"Read","soon","Study1","U","Study Phase","Recall1",4277
"w10157282_HBR","","belt",1,"Read","soon","Study1","U","Study Phase","Recall1",4116
"10143815SK","","cloth",1,"Read","stretch","Study1","U","Study Phase","Recall1",1398
"w10062326CT","hand","cloth",1,"Read","stretch","Study1","U","Study Phase","Recall1",20914
"w10085225L.S","long","cloth",1,"Read","stretch","Study1","U","Study Phase","Recall1",2440
"w10133134_lpc","arm","cloth",1,"Read","stretch","Study1","U","Study Phase","Recall1",3757
"w10157282_HBR","pull","cloth",1,"Read","stretch","Study1","U","Study Phase","Recall1",9066
"10143815SK","","bird",1,"Read","swan","Study1","F","Study Phase","Recall1",20610
"w10062326CT","tree","bird",1,"Read","swan","Study1","F","Study Phase","Recall1",3049
"w10085225L.S","goose","bird",1,"Read","swan","Study1","F","Study Phase","Recall1",126803
"w10133134_lpc","bird","bird",1,"Read","swan","Study1","F","Study Phase","Recall1",4401
"w10157282_HBR","bird","bird",1,"Read","swan","Study1","F","Study Phase","Recall1",23711
"10143815SK","warm","morning",1,"Read","temperature","Study1","U","Study Phase","Recall1",8105
"w10062326CT","morning","morning",1,"Read","temperature","Study1","U","Study Phase","Recall1",2090
"w10085225L.S","hot","morning",1,"Read","temperature","Study1","U","Study Phase","Recall1",2723
"w10133134_lpc","morning","morning",1,"Read","temperature","Study1","U","Study Phase","Recall1",3600
"w10157282_HBR","fever","morning",1,"Read","temperature","Study1","U","Study Phase","Recall1",3453
"10143815SK","taste","hair",1,"Read","tooth","Study1","M","Study Phase","Recall1",9470
"w10062326CT","hair","hair",1,"Read","tooth","Study1","M","Study Phase","Recall1",3416
"w10085225L.S","paste","hair",1,"Read","tooth","Study1","M","Study Phase","Recall1",2939
"w10133134_lpc","hand","hair",1,"Read","tooth","Study1","M","Study Phase","Recall1",8919
"w10157282_HBR","nail","hair",1,"Read","tooth","Study1","M","Study Phase","Recall1",1982
"10143815SK","green","syrup",1,"Read","tree","Study1","M","Study Phase","Recall1",29014
"w10062326CT","green","syrup",1,"Read","tree","Study1","M","Study Phase","Recall1",7074
"w10085225L.S","root","syrup",1,"Read","tree","Study1","M","Study Phase","Recall1",6965
"w10133134_lpc","green","syrup",1,"Read","tree","Study1","M","Study Phase","Recall1",2959
"w10157282_HBR","bush","syrup",1,"Read","tree","Study1","M","Study Phase","Recall1",4279
"10143815SK","fish","fish",1,"Read","tuna","Study1","F","Study Phase","Recall1",2994
"w10062326CT","fish","fish",1,"Read","tuna","Study1","F","Study Phase","Recall1",2327
"w10085225L.S","fish","fish",1,"Read","tuna","Study1","F","Study Phase","Recall1",2039
"w10133134_lpc","fish","fish",1,"Read","tuna","Study1","F","Study Phase","Recall1",2871
"w10157282_HBR","fish","fish",1,"Read","tuna","Study1","F","Study Phase","Recall1",3828
"10143815SK","bike","charm",1,"Read","vehicle","Study1","U","Study Phase","Recall1",3223
"w10062326CT","charm","charm",1,"Read","vehicle","Study1","U","Study Phase","Recall1",2587
"w10085225L.S","car","charm",1,"Read","vehicle","Study1","U","Study Phase","Recall1",2593
"w10133134_lpc","car","charm",1,"Read","vehicle","Study1","U","Study Phase","Recall1",2619
"w10157282_HBR","","charm",1,"Read","vehicle","Study1","U","Study Phase","Recall1",19090
"10143815SK","","money",1,"Read","wage","Study1","F","Study Phase","Recall1",1458
"w10062326CT","pay","money",1,"Read","wage","Study1","F","Study Phase","Recall1",3608
"w10085225L.S","money","money",1,"Read","wage","Study1","F","Study Phase","Recall1",4119
"w10133134_lpc","money","money",1,"Read","wage","Study1","F","Study Phase","Recall1",3211
"w10157282_HBR","earn","money",1,"Read","wage","Study1","F","Study Phase","Recall1",6576
"10143815SK","quiet","quiet",1,"Read","war","Study1","M","Study Phase","Recall1",4726
"w10062326CT","quiet","quiet",1,"Read","war","Study1","M","Study Phase","Recall1",3817
"w10085225L.S","fight","quiet",1,"Read","war","Study1","M","Study Phase","Recall1",2857
"w10133134_lpc","quite","quiet",1,"Read","war","Study1","M","Study Phase","Recall1",3728
"w10157282_HBR","peace","quiet",1,"Read","war","Study1","M","Study Phase","Recall1",3836
"10143815SK","ring","finger",1,"Read","wedding","Study1","M","Study Phase","Recall1",7267
"w10062326CT","finger","finger",1,"Read","wedding","Study1","M","Study Phase","Recall1",2870
"w10085225L.S","bella","finger",1,"Read","wedding","Study1","M","Study Phase","Recall1",9565
"w10133134_lpc","ring","finger",1,"Read","wedding","Study1","M","Study Phase","Recall1",3107
"w10157282_HBR","ring","finger",1,"Read","wedding","Study1","M","Study Phase","Recall1",8203
"10143815SK","","sentence",1,"Read","word","Study1","F","Study Phase","Recall1",2444
"w10062326CT","sentence","sentence",1,"Read","word","Study1","F","Study Phase","Recall1",2928
"w10085225L.S","letter","sentence",1,"Read","word","Study1","F","Study Phase","Recall1",61799
"w10133134_lpc","sentence","sentence",1,"Read","word","Study1","F","Study Phase","Recall1",4622
"w10157282_HBR","speak","sentence",1,"Read","word","Study1","F","Study Phase","Recall1",11329
"w10033523_hp","love","love",3,"Read","affection","Study1","F","Study Phase2","Recall2",4298
"w10057028_nfg","love","love",3,"Read","affection","Study1","F","Study Phase2","Recall2",2000
"w10059334_IMV","love","love",3,"Read","affection","Study1","F","Study Phase2","Recall2",2819
"W10079507_CEE","love","love",3,"Read","affection","Study1","F","Study Phase2","Recall2",1469
"w10083877_dzw","love","love",3,"Read","affection","Study1","F","Study Phase2","Recall2",4431
"w10151253_ES","love","love",3,"Read","affection","Study1","F","Study Phase2","Recall2",2467
"w10033523_hp","","bounce",3,"Read","bat","Study1","M","Study Phase2","Recall2",2056
"w10057028_nfg","","bounce",3,"Read","bat","Study1","M","Study Phase2","Recall2",2469
"w10059334_IMV","wing","bounce",3,"Read","bat","Study1","M","Study Phase2","Recall2",13217
"W10079507_CEE","bounce","bounce",3,"Read","bat","Study1","M","Study Phase2","Recall2",3116
"w10083877_dzw","bounce","bounce",3,"Read","bat","Study1","M","Study Phase2","Recall2",3717
"w10151253_ES","bounce","bounce",3,"Read","bat","Study1","M","Study Phase2","Recall2",4096
"w10033523_hp","shell","box",3,"Read","beach","Study1","M","Study Phase2","Recall2",2724
"w10057028_nfg","bo","box",3,"Read","beach","Study1","M","Study Phase2","Recall2",1260
"w10059334_IMV","box","box",3,"Read","beach","Study1","M","Study Phase2","Recall2",4783
"W10079507_CEE","box","box",3,"Read","beach","Study1","M","Study Phase2","Recall2",3252
"w10083877_dzw","box","box",3,"Read","beach","Study1","M","Study Phase2","Recall2",3606
"w10151253_ES","box","box",3,"Read","beach","Study1","M","Study Phase2","Recall2",6281
"w10033523_hp","fun","pie",3,"Read","birthday","Study1","M","Study Phase2","Recall2",3719
"w10057028_nfg","pie","pie",3,"Read","birthday","Study1","M","Study Phase2","Recall2",1699
"w10059334_IMV","pie","pie",3,"Read","birthday","Study1","M","Study Phase2","Recall2",3412
"W10079507_CEE","pie","pie",3,"Read","birthday","Study1","M","Study Phase2","Recall2",1442
"w10083877_dzw","pie","pie",3,"Read","birthday","Study1","M","Study Phase2","Recall2",3591
"w10151253_ES","cake","pie",3,"Read","birthday","Study1","M","Study Phase2","Recall2",3274
"w10033523_hp","","hand",3,"Read","cake","Study1","U","Study Phase2","Recall2",1490
"w10057028_nfg","","hand",3,"Read","cake","Study1","U","Study Phase2","Recall2",4711
"w10059334_IMV","pie","hand",3,"Read","cake","Study1","U","Study Phase2","Recall2",12137
"W10079507_CEE","","hand",3,"Read","cake","Study1","U","Study Phase2","Recall2",919
"w10083877_dzw","","hand",3,"Read","cake","Study1","U","Study Phase2","Recall2",5864
"w10151253_ES","sugar","hand",3,"Read","cake","Study1","U","Study Phase2","Recall2",11068
"w10033523_hp","tile","carpet",3,"Read","ceiling","Study1","M","Study Phase2","Recall2",2036
"w10057028_nfg","carpet","carpet",3,"Read","ceiling","Study1","M","Study Phase2","Recall2",4425
"w10059334_IMV","fan","carpet",3,"Read","ceiling","Study1","M","Study Phase2","Recall2",6111
"W10079507_CEE","carpet","carpet",3,"Read","ceiling","Study1","M","Study Phase2","Recall2",2903
"w10083877_dzw","carpet","carpet",3,"Read","ceiling","Study1","M","Study Phase2","Recall2",3429
"w10151253_ES","room","carpet",3,"Read","ceiling","Study1","M","Study Phase2","Recall2",5012
"w10033523_hp","","dance",3,"Read","circle","Study1","M","Study Phase2","Recall2",1520
"w10057028_nfg","","dance",3,"Read","circle","Study1","M","Study Phase2","Recall2",5894
"w10059334_IMV","dance","dance",3,"Read","circle","Study1","M","Study Phase2","Recall2",4259
"W10079507_CEE","","dance",3,"Read","circle","Study1","M","Study Phase2","Recall2",1294
"w10083877_dzw","","dance",3,"Read","circle","Study1","M","Study Phase2","Recall2",4239
"w10151253_ES","round","dance",3,"Read","circle","Study1","M","Study Phase2","Recall2",7828
"w10033523_hp","pop","election",3,"Read","crackle","Study1","U","Study Phase2","Recall2",2284
"w10057028_nfg","","election",3,"Read","crackle","Study1","U","Study Phase2","Recall2",3155
"w10059334_IMV","candle","election",3,"Read","crackle","Study1","U","Study Phase2","Recall2",21596
"W10079507_CEE","","election",3,"Read","crackle","Study1","U","Study Phase2","Recall2",5625
"w10083877_dzw","","election",3,"Read","crackle","Study1","U","Study Phase2","Recall2",5267
"w10151253_ES","pop","election",3,"Read","crackle","Study1","U","Study Phase2","Recall2",2927
"w10033523_hp","card","card",3,"Read","credit","Study1","F","Study Phase2","Recall2",1354
"w10057028_nfg","card","card",3,"Read","credit","Study1","F","Study Phase2","Recall2",1733
"w10059334_IMV","card","card",3,"Read","credit","Study1","F","Study Phase2","Recall2",3489
"W10079507_CEE","","card",3,"Read","credit","Study1","F","Study Phase2","Recall2",2837
"w10083877_dzw","card","card",3,"Read","credit","Study1","F","Study Phase2","Recall2",2915
"w10151253_ES","steal","card",3,"Read","credit","Study1","F","Study Phase2","Recall2",12007
"w10033523_hp","bottle","bottle",3,"Read","cry","Study1","M","Study Phase2","Recall2",2401
"w10057028_nfg","","bottle",3,"Read","cry","Study1","M","Study Phase2","Recall2",2585
"w10059334_IMV","sad","bottle",3,"Read","cry","Study1","M","Study Phase2","Recall2",6044
"W10079507_CEE","","bottle",3,"Read","cry","Study1","M","Study Phase2","Recall2",896
"w10083877_dzw","bottle","bottle",3,"Read","cry","Study1","M","Study Phase2","Recall2",5036
"w10151253_ES","bottle","bottle",3,"Read","cry","Study1","M","Study Phase2","Recall2",4427
"w10033523_hp","night","dark",3,"Read","day","Study1","M","Study Phase2","Recall2",1726
"w10057028_nfg","dark","dark",3,"Read","day","Study1","M","Study Phase2","Recall2",2442
"w10059334_IMV","dark","dark",3,"Read","day","Study1","M","Study Phase2","Recall2",3793
"W10079507_CEE","","dark",3,"Read","day","Study1","M","Study Phase2","Recall2",1792
"w10083877_dzw","weak","dark",3,"Read","day","Study1","M","Study Phase2","Recall2",12489
"w10151253_ES","night","dark",3,"Read","day","Study1","M","Study Phase2","Recall2",3241
"w10033523_hp","bang","bang",3,"Read","fuzzy","Study1","U","Study Phase2","Recall2",2659
"w10057028_nfg","bang","bang",3,"Read","fuzzy","Study1","U","Study Phase2","Recall2",1762
"w10059334_IMV","warm","bang",3,"Read","fuzzy","Study1","U","Study Phase2","Recall2",6373
"W10079507_CEE","","bang",3,"Read","fuzzy","Study1","U","Study Phase2","Recall2",952
"w10083877_dzw","bang","bang",3,"Read","fuzzy","Study1","U","Study Phase2","Recall2",5124
"w10151253_ES","bang","bang",3,"Read","fuzzy","Study1","U","Study Phase2","Recall2",3478
"w10033523_hp","thanks","steak",3,"Read","give","Study1","U","Study Phase2","Recall2",1963
"w10057028_nfg","","steak",3,"Read","give","Study1","U","Study Phase2","Recall2",1236
"w10059334_IMV","steak","steak",3,"Read","give","Study1","U","Study Phase2","Recall2",3148
"W10079507_CEE","","steak",3,"Read","give","Study1","U","Study Phase2","Recall2",1672
"w10083877_dzw","","steak",3,"Read","give","Study1","U","Study Phase2","Recall2",3843
"w10151253_ES","take","steak",3,"Read","give","Study1","U","Study Phase2","Recall2",3959
"w10033523_hp","","cotton",3,"Read","hard","Study1","M","Study Phase2","Recall2",1448
"w10057028_nfg","","cotton",3,"Read","hard","Study1","M","Study Phase2","Recall2",967
"w10059334_IMV","tough","cotton",3,"Read","hard","Study1","M","Study Phase2","Recall2",7134
"W10079507_CEE","cotton","cotton",3,"Read","hard","Study1","M","Study Phase2","Recall2",2791
"w10083877_dzw","","cotton",3,"Read","hard","Study1","M","Study Phase2","Recall2",6678
"w10151253_ES","cotton","cotton",3,"Read","hard","Study1","M","Study Phase2","Recall2",5779
"w10033523_hp","donkey","wheel",3,"Read","horse","Study1","M","Study Phase2","Recall2",4807
"w10057028_nfg","shoe","wheel",3,"Read","horse","Study1","M","Study Phase2","Recall2",4159
"w10059334_IMV","wheel","wheel",3,"Read","horse","Study1","M","Study Phase2","Recall2",5355
"W10079507_CEE","","wheel",3,"Read","horse","Study1","M","Study Phase2","Recall2",1081
"w10083877_dzw","donkey","wheel",3,"Read","horse","Study1","M","Study Phase2","Recall2",6893
"w10151253_ES","ride","wheel",3,"Read","horse","Study1","M","Study Phase2","Recall2",10457
"w10033523_hp","clean","clean",3,"Read","hygiene","Study1","F","Study Phase2","Recall2",2464
"w10057028_nfg","clean","clean",3,"Read","hygiene","Study1","F","Study Phase2","Recall2",3141
"w10059334_IMV","clean","clean",3,"Read","hygiene","Study1","F","Study Phase2","Recall2",5415
"W10079507_CEE","clean","clean",3,"Read","hygiene","Study1","F","Study Phase2","Recall2",1816
"w10083877_dzw","clean","clean",3,"Read","hygiene","Study1","F","Study Phase2","Recall2",4727
"w10151253_ES","clean","clean",3,"Read","hygiene","Study1","F","Study Phase2","Recall2",10881
"w10033523_hp","","rod",3,"Read","keys","Study1","U","Study Phase2","Recall2",4149
"w10057028_nfg","meat","rod",3,"Read","keys","Study1","U","Study Phase2","Recall2",4159
"w10059334_IMV","door","rod",3,"Read","keys","Study1","U","Study Phase2","Recall2",14633
"W10079507_CEE","","rod",3,"Read","keys","Study1","U","Study Phase2","Recall2",2062
"w10083877_dzw","meat","rod",3,"Read","keys","Study1","U","Study Phase2","Recall2",5257
"w10151253_ES","meat","rod",3,"Read","keys","Study1","U","Study Phase2","Recall2",7517
"w10033523_hp","fur","stripes",3,"Read","lion","Study1","M","Study Phase2","Recall2",3105
"w10057028_nfg","stripes","stripes",3,"Read","lion","Study1","M","Study Phase2","Recall2",2741
"w10059334_IMV","king","stripes",3,"Read","lion","Study1","M","Study Phase2","Recall2",10329
"W10079507_CEE","stripes","stripes",3,"Read","lion","Study1","M","Study Phase2","Recall2",2736
"w10083877_dzw","stripes","stripes",3,"Read","lion","Study1","M","Study Phase2","Recall2",4886
"w10151253_ES","stripes","stripes",3,"Read","lion","Study1","M","Study Phase2","Recall2",4679
"w10033523_hp","hear","fiction",3,"Read","listen","Study1","U","Study Phase2","Recall2",4035
"w10057028_nfg","","fiction",3,"Read","listen","Study1","U","Study Phase2","Recall2",1365
"w10059334_IMV","music","fiction",3,"Read","listen","Study1","U","Study Phase2","Recall2",4908
"W10079507_CEE","","fiction",3,"Read","listen","Study1","U","Study Phase2","Recall2",945
"w10083877_dzw","","fiction",3,"Read","listen","Study1","U","Study Phase2","Recall2",5576
"w10151253_ES","ignore","fiction",3,"Read","listen","Study1","U","Study Phase2","Recall2",11047
"w10033523_hp","cats","trash",3,"Read","litter","Study1","F","Study Phase2","Recall2",2236
"w10057028_nfg","trash","trash",3,"Read","litter","Study1","F","Study Phase2","Recall2",2644
"w10059334_IMV","box","trash",3,"Read","litter","Study1","F","Study Phase2","Recall2",3497
"W10079507_CEE","trash","trash",3,"Read","litter","Study1","F","Study Phase2","Recall2",1861
"w10083877_dzw","trash","trash",3,"Read","litter","Study1","F","Study Phase2","Recall2",3782
"w10151253_ES","trash","trash",3,"Read","litter","Study1","F","Study Phase2","Recall2",5689
"w10033523_hp","corn","phone",3,"Read","maze","Study1","U","Study Phase2","Recall2",2035
"w10057028_nfg","","phone",3,"Read","maze","Study1","U","Study Phase2","Recall2",2049
"w10059334_IMV","lost","phone",3,"Read","maze","Study1","U","Study Phase2","Recall2",10442
"W10079507_CEE","keys","phone",3,"Read","maze","Study1","U","Study Phase2","Recall2",1770
"w10083877_dzw","phone","phone",3,"Read","maze","Study1","U","Study Phase2","Recall2",7301
"w10151253_ES","phone","phone",3,"Read","maze","Study1","U","Study Phase2","Recall2",4005
"w10033523_hp","food","keys",3,"Read","meat","Study1","U","Study Phase2","Recall2",2665
"w10057028_nfg","keys","keys",3,"Read","meat","Study1","U","Study Phase2","Recall2",3669
"w10059334_IMV","steak","keys",3,"Read","meat","Study1","U","Study Phase2","Recall2",16414
"W10079507_CEE","cut","keys",3,"Read","meat","Study1","U","Study Phase2","Recall2",2395
"w10083877_dzw","keys","keys",3,"Read","meat","Study1","U","Study Phase2","Recall2",4934
"w10151253_ES","keys","keys",3,"Read","meat","Study1","U","Study Phase2","Recall2",9428
"w10033523_hp","","maroon",3,"Read","mirror","Study1","U","Study Phase2","Recall2",2671
"w10057028_nfg","maroon","maroon",3,"Read","mirror","Study1","U","Study Phase2","Recall2",3194
"w10059334_IMV","maroon ","maroon",3,"Read","mirror","Study1","U","Study Phase2","Recall2",19440
"W10079507_CEE","","maroon",3,"Read","mirror","Study1","U","Study Phase2","Recall2",1666
"w10083877_dzw","maroon","maroon",3,"Read","mirror","Study1","U","Study Phase2","Recall2",5157
"w10151253_ES","fog","maroon",3,"Read","mirror","Study1","U","Study Phase2","Recall2",6232
"w10033523_hp","donkey","donkey",3,"Read","mule","Study1","F","Study Phase2","Recall2",1742
"w10033523_hp","donkey","donkey",3,"Read","mule","Study1","F","Study Phase2","Recall2",1734
"w10057028_nfg","donkey","donkey",3,"Read","mule","Study1","F","Study Phase2","Recall2",3464
"w10057028_nfg","donkey","donkey",3,"Read","mule","Study1","F","Study Phase2","Recall2",2643
"w10059334_IMV","donkey ","donkey",3,"Read","mule","Study1","F","Study Phase2","Recall2",5556
"w10059334_IMV","horse","donkey",3,"Read","mule","Study1","F","Study Phase2","Recall2",13214
"W10079507_CEE","donkey","donkey",3,"Read","mule","Study1","F","Study Phase2","Recall2",1945
"W10079507_CEE","donkey","donkey",3,"Read","mule","Study1","F","Study Phase2","Recall2",1755
"w10083877_dzw","donkey","donkey",3,"Read","mule","Study1","F","Study Phase2","Recall2",4120
"w10083877_dzw","donkey","donkey",3,"Read","mule","Study1","F","Study Phase2","Recall2",5889
"w10151253_ES","donkey","donkey",3,"Read","mule","Study1","F","Study Phase2","Recall2",3442
"w10151253_ES","donkey","donkey",3,"Read","mule","Study1","F","Study Phase2","Recall2",4430
"w10033523_hp","sleep","sleep",3,"Read","nap","Study1","F","Study Phase2","Recall2",1603
"w10057028_nfg","sleep","sleep",3,"Read","nap","Study1","F","Study Phase2","Recall2",3236
"w10059334_IMV","sleep","sleep",3,"Read","nap","Study1","F","Study Phase2","Recall2",3674
"W10079507_CEE","sleep","sleep",3,"Read","nap","Study1","F","Study Phase2","Recall2",1576
"w10083877_dzw","sleep","sleep",3,"Read","nap","Study1","F","Study Phase2","Recall2",3651
"w10151253_ES","sleep","sleep",3,"Read","nap","Study1","F","Study Phase2","Recall2",4343
"w10033523_hp","flower","flower",3,"Read","orchid","Study1","F","Study Phase2","Recall2",1490
"w10057028_nfg","flower","flower",3,"Read","orchid","Study1","F","Study Phase2","Recall2",2233
"w10059334_IMV","flower","flower",3,"Read","orchid","Study1","F","Study Phase2","Recall2",3734
"W10079507_CEE","flower","flower",3,"Read","orchid","Study1","F","Study Phase2","Recall2",2216
"w10083877_dzw","flower","flower",3,"Read","orchid","Study1","F","Study Phase2","Recall2",3747
"w10151253_ES","flower","flower",3,"Read","orchid","Study1","F","Study Phase2","Recall2",3801
"w10033523_hp","word","plant",3,"Read","root","Study1","F","Study Phase2","Recall2",2047
"w10057028_nfg","tree","plant",3,"Read","root","Study1","F","Study Phase2","Recall2",2100
"w10059334_IMV","plant","plant",3,"Read","root","Study1","F","Study Phase2","Recall2",13974
"W10079507_CEE","","plant",3,"Read","root","Study1","F","Study Phase2","Recall2",1039
"w10083877_dzw","plant","plant",3,"Read","root","Study1","F","Study Phase2","Recall2",3732
"w10151253_ES","plant","plant",3,"Read","root","Study1","F","Study Phase2","Recall2",4030
"w10033523_hp","house","silk",3,"Read","rough","Study1","M","Study Phase2","Recall2",1908
"w10057028_nfg","silk","silk",3,"Read","rough","Study1","M","Study Phase2","Recall2",3569
"w10059334_IMV","smooth","silk",3,"Read","rough","Study1","M","Study Phase2","Recall2",9052
"W10079507_CEE","","silk",3,"Read","rough","Study1","M","Study Phase2","Recall2",1312
"w10083877_dzw","","silk",3,"Read","rough","Study1","M","Study Phase2","Recall2",3102
"w10151253_ES","silk","silk",3,"Read","rough","Study1","M","Study Phase2","Recall2",3925
"w10033523_hp","head","head",3,"Read","scalp","Study1","F","Study Phase2","Recall2",1686
"w10057028_nfg","head","head",3,"Read","scalp","Study1","F","Study Phase2","Recall2",1642
"w10059334_IMV","head","head",3,"Read","scalp","Study1","F","Study Phase2","Recall2",3712
"W10079507_CEE","head","head",3,"Read","scalp","Study1","F","Study Phase2","Recall2",1875
"w10083877_dzw","head","head",3,"Read","scalp","Study1","F","Study Phase2","Recall2",4229
"w10151253_ES","head","head",3,"Read","scalp","Study1","F","Study Phase2","Recall2",2658
"w10033523_hp","beach","shake",3,"Read","shell","Study1","U","Study Phase2","Recall2",2097
"w10057028_nfg","fish","shake",3,"Read","shell","Study1","U","Study Phase2","Recall2",2911
"w10059334_IMV","shock","shake",3,"Read","shell","Study1","U","Study Phase2","Recall2",9003
"W10079507_CEE","","shake",3,"Read","shell","Study1","U","Study Phase2","Recall2",2267
"w10083877_dzw","smash","shake",3,"Read","shell","Study1","U","Study Phase2","Recall2",10218
"w10151253_ES","snake","shake",3,"Read","shell","Study1","U","Study Phase2","Recall2",3017
"w10033523_hp","word","tick",3,"Read","sign","Study1","U","Study Phase2","Recall2",3217
"w10057028_nfg","stop","tick",3,"Read","sign","Study1","U","Study Phase2","Recall2",3466
"w10059334_IMV","up","tick",3,"Read","sign","Study1","U","Study Phase2","Recall2",8441
"W10079507_CEE","","tick",3,"Read","sign","Study1","U","Study Phase2","Recall2",767
"w10083877_dzw","","tick",3,"Read","sign","Study1","U","Study Phase2","Recall2",3507
"w10151253_ES","stop","tick",3,"Read","sign","Study1","U","Study Phase2","Recall2",3814
"w10033523_hp","drink","drink",3,"Read","sip","Study1","F","Study Phase2","Recall2",1862
"w10057028_nfg","drink","drink",3,"Read","sip","Study1","F","Study Phase2","Recall2",2651
"w10059334_IMV","swallow","drink",3,"Read","sip","Study1","F","Study Phase2","Recall2",9894
"W10079507_CEE","drink","drink",3,"Read","sip","Study1","F","Study Phase2","Recall2",2158
"w10083877_dzw","","drink",3,"Read","sip","Study1","F","Study Phase2","Recall2",4677
"w10151253_ES","drink","drink",3,"Read","sip","Study1","F","Study Phase2","Recall2",5301
"w10033523_hp","late","belt",3,"Read","soon","Study1","U","Study Phase2","Recall2",2413
"w10057028_nfg","","belt",3,"Read","soon","Study1","U","Study Phase2","Recall2",1647
"w10059334_IMV","later","belt",3,"Read","soon","Study1","U","Study Phase2","Recall2",8130
"W10079507_CEE","","belt",3,"Read","soon","Study1","U","Study Phase2","Recall2",858
"w10083877_dzw","","belt",3,"Read","soon","Study1","U","Study Phase2","Recall2",3970
"w10151253_ES","near","belt",3,"Read","soon","Study1","U","Study Phase2","Recall2",6633
"w10033523_hp","","cloth",3,"Read","stretch","Study1","U","Study Phase2","Recall2",1080
"w10057028_nfg","","cloth",3,"Read","stretch","Study1","U","Study Phase2","Recall2",1556
"w10059334_IMV","body","cloth",3,"Read","stretch","Study1","U","Study Phase2","Recall2",6030
"W10079507_CEE","","cloth",3,"Read","stretch","Study1","U","Study Phase2","Recall2",1165
"w10083877_dzw","","cloth",3,"Read","stretch","Study1","U","Study Phase2","Recall2",7444
"w10151253_ES","resist","cloth",3,"Read","stretch","Study1","U","Study Phase2","Recall2",7785
"w10033523_hp","","bird",3,"Read","swan","Study1","F","Study Phase2","Recall2",4371
"w10057028_nfg","duck","bird",3,"Read","swan","Study1","F","Study Phase2","Recall2",4142
"w10059334_IMV","bird","bird",3,"Read","swan","Study1","F","Study Phase2","Recall2",3902
"W10079507_CEE","bird","bird",3,"Read","swan","Study1","F","Study Phase2","Recall2",2369
"w10083877_dzw","bird","bird",3,"Read","swan","Study1","F","Study Phase2","Recall2",6076
"w10151253_ES","bird","bird",3,"Read","swan","Study1","F","Study Phase2","Recall2",7979
"w10033523_hp","","morning",3,"Read","temperature","Study1","U","Study Phase2","Recall2",1996
"w10057028_nfg","morning","morning",3,"Read","temperature","Study1","U","Study Phase2","Recall2",7000
"w10059334_IMV","morning ","morning",3,"Read","temperature","Study1","U","Study Phase2","Recall2",17842
"W10079507_CEE","weather","morning",3,"Read","temperature","Study1","U","Study Phase2","Recall2",2537
"w10083877_dzw","morning","morning",3,"Read","temperature","Study1","U","Study Phase2","Recall2",4382
"w10151253_ES","plastic","morning",3,"Read","temperature","Study1","U","Study Phase2","Recall2",11457
"w10033523_hp","paste","hair",3,"Read","tooth","Study1","M","Study Phase2","Recall2",1822
"w10057028_nfg","brush","hair",3,"Read","tooth","Study1","M","Study Phase2","Recall2",4506
"w10059334_IMV","fairy","hair",3,"Read","tooth","Study1","M","Study Phase2","Recall2",8098
"W10079507_CEE","hairy","hair",3,"Read","tooth","Study1","M","Study Phase2","Recall2",2200
"w10083877_dzw","hair","hair",3,"Read","tooth","Study1","M","Study Phase2","Recall2",6023
"w10151253_ES","hair","hair",3,"Read","tooth","Study1","M","Study Phase2","Recall2",2805
"w10033523_hp","bark","syrup",3,"Read","tree","Study1","M","Study Phase2","Recall2",2749
"w10057028_nfg","green","syrup",3,"Read","tree","Study1","M","Study Phase2","Recall2",3793
"w10059334_IMV","green","syrup",3,"Read","tree","Study1","M","Study Phase2","Recall2",3428
"W10079507_CEE","green","syrup",3,"Read","tree","Study1","M","Study Phase2","Recall2",4337
"w10083877_dzw","root","syrup",3,"Read","tree","Study1","M","Study Phase2","Recall2",4964
"w10151253_ES","green","syrup",3,"Read","tree","Study1","M","Study Phase2","Recall2",5796
"w10033523_hp","meat","fish",3,"Read","tuna","Study1","F","Study Phase2","Recall2",1717
"w10057028_nfg","fish","fish",3,"Read","tuna","Study1","F","Study Phase2","Recall2",1673
"w10059334_IMV","fish","fish",3,"Read","tuna","Study1","F","Study Phase2","Recall2",11954
"W10079507_CEE","fish","fish",3,"Read","tuna","Study1","F","Study Phase2","Recall2",1427
"w10083877_dzw","fish","fish",3,"Read","tuna","Study1","F","Study Phase2","Recall2",5264
"w10151253_ES","fish","fish",3,"Read","tuna","Study1","F","Study Phase2","Recall2",2752
"w10033523_hp","car","charm",3,"Read","vehicle","Study1","U","Study Phase2","Recall2",1436
"w10057028_nfg","","charm",3,"Read","vehicle","Study1","U","Study Phase2","Recall2",8493
"w10059334_IMV","charm","charm",3,"Read","vehicle","Study1","U","Study Phase2","Recall2",26885
"W10079507_CEE","","charm",3,"Read","vehicle","Study1","U","Study Phase2","Recall2",950
"w10083877_dzw","car","charm",3,"Read","vehicle","Study1","U","Study Phase2","Recall2",5527
"w10151253_ES","door","charm",3,"Read","vehicle","Study1","U","Study Phase2","Recall2",5294
"w10033523_hp","money","money",3,"Read","wage","Study1","F","Study Phase2","Recall2",1721
"w10057028_nfg","money","money",3,"Read","wage","Study1","F","Study Phase2","Recall2",3089
"w10059334_IMV","money","money",3,"Read","wage","Study1","F","Study Phase2","Recall2",5389
"W10079507_CEE","money","money",3,"Read","wage","Study1","F","Study Phase2","Recall2",1764
"w10083877_dzw","money","money",3,"Read","wage","Study1","F","Study Phase2","Recall2",5951
"w10151253_ES","theft","money",3,"Read","wage","Study1","F","Study Phase2","Recall2",7206
"w10033523_hp","","quiet",3,"Read","war","Study1","M","Study Phase2","Recall2",2212
"w10057028_nfg","","quiet",3,"Read","war","Study1","M","Study Phase2","Recall2",2858
"w10059334_IMV","loud","quiet",3,"Read","war","Study1","M","Study Phase2","Recall2",17344
"W10079507_CEE","","quiet",3,"Read","war","Study1","M","Study Phase2","Recall2",862
"w10083877_dzw","quiet","quiet",3,"Read","war","Study1","M","Study Phase2","Recall2",4544
"w10151253_ES","quiet","quiet",3,"Read","war","Study1","M","Study Phase2","Recall2",4178
"w10033523_hp","bells","finger",3,"Read","wedding","Study1","M","Study Phase2","Recall2",3184
"w10057028_nfg","finger","finger",3,"Read","wedding","Study1","M","Study Phase2","Recall2",2259
"w10059334_IMV","finger","finger",3,"Read","wedding","Study1","M","Study Phase2","Recall2",6170
"W10079507_CEE","finger","finger",3,"Read","wedding","Study1","M","Study Phase2","Recall2",6940
"w10083877_dzw","finger","finger",3,"Read","wedding","Study1","M","Study Phase2","Recall2",6732
"w10151253_ES","finger","finger",3,"Read","wedding","Study1","M","Study Phase2","Recall2",3406
"w10033523_hp","search","sentence",3,"Read","word","Study1","F","Study Phase2","Recall2",1747
"w10057028_nfg","","sentence",3,"Read","word","Study1","F","Study Phase2","Recall2",2350
"w10059334_IMV","sentence ","sentence",3,"Read","word","Study1","F","Study Phase2","Recall2",12201
"W10079507_CEE","sentence","sentence",3,"Read","word","Study1","F","Study Phase2","Recall2",2698
"w10083877_dzw","sentence","sentence",3,"Read","word","Study1","F","Study Phase2","Recall2",4245
"w10151253_ES","sentence","sentence",3,"Read","word","Study1","F","Study Phase2","Recall2",6672
"10143815SK","","wolf",1,"Read","art","Study2","U","Study Phase2","Recall2",2844
"w10062326CT","brush","wolf",1,"Read","art","Study2","U","Study Phase2","Recall2",2043
"w10085225L.S","paint","wolf",1,"Read","art","Study2","U","Study Phase2","Recall2",5771
"w10133134_lpc","wolf","wolf",1,"Read","art","Study2","U","Study Phase2","Recall2",2518
"w10157282_HBR","wolf","wolf",1,"Read","art","Study2","U","Study Phase2","Recall2",19430
"10143815SK","blood","bronze",1,"Read","artery","Study2","U","Study Phase2","Recall2",8901
"w10062326CT","vein","bronze",1,"Read","artery","Study2","U","Study Phase2","Recall2",1981
"w10085225L.S","idk","bronze",1,"Read","artery","Study2","U","Study Phase2","Recall2",4877
"w10133134_lpc","heart","bronze",1,"Read","artery","Study2","U","Study Phase2","Recall2",4123
"w10157282_HBR","vein","bronze",1,"Read","artery","Study2","U","Study Phase2","Recall2",18688
"10143815SK","","clothes",1,"Read","attire","Study2","F","Study Phase2","Recall2",17181
"w10062326CT","outfit","clothes",1,"Read","attire","Study2","F","Study Phase2","Recall2",3715
"w10085225L.S","clothes","clothes",1,"Read","attire","Study2","F","Study Phase2","Recall2",5046
"w10133134_lpc","clothes","clothes",1,"Read","attire","Study2","F","Study Phase2","Recall2",5248
"w10157282_HBR","clothes","clothes",1,"Read","attire","Study2","F","Study Phase2","Recall2",22929
"10143815SK","beach","horn",1,"Read","bench","Study2","U","Study Phase2","Recall2",6246
"w10062326CT","seat","horn",1,"Read","bench","Study2","U","Study Phase2","Recall2",2674
"w10085225L.S","sit","horn",1,"Read","bench","Study2","U","Study Phase2","Recall2",10084
"w10133134_lpc","","horn",1,"Read","bench","Study2","U","Study Phase2","Recall2",5444
"w10157282_HBR","seat","horn",1,"Read","bench","Study2","U","Study Phase2","Recall2",22714
"10143815SK","grease","fire",1,"Read","blaze","Study2","F","Study Phase2","Recall2",18376
"w10062326CT","fire","fire",1,"Read","blaze","Study2","F","Study Phase2","Recall2",2534
"w10085225L.S","fire","fire",1,"Read","blaze","Study2","F","Study Phase2","Recall2",3569
"w10133134_lpc","fire","fire",1,"Read","blaze","Study2","F","Study Phase2","Recall2",2596
"w10157282_HBR","fire","fire",1,"Read","blaze","Study2","F","Study Phase2","Recall2",9800
"10143815SK","face","ounce",1,"Read","both","Study2","U","Study Phase2","Recall2",11043
"w10062326CT","neither","ounce",1,"Read","both","Study2","U","Study Phase2","Recall2",2997
"w10085225L.S","together","ounce",1,"Read","both","Study2","U","Study Phase2","Recall2",5993
"w10133134_lpc","","ounce",1,"Read","both","Study2","U","Study Phase2","Recall2",1713
"w10157282_HBR","ounce","ounce",1,"Read","both","Study2","U","Study Phase2","Recall2",22614
"10143815SK","water ","water",1,"Read","bridge","Study2","F","Study Phase2","Recall2",4601
"w10062326CT","build","water",1,"Read","bridge","Study2","F","Study Phase2","Recall2",2846
"w10085225L.S","water","water",1,"Read","bridge","Study2","F","Study Phase2","Recall2",6848
"w10133134_lpc","","water",1,"Read","bridge","Study2","F","Study Phase2","Recall2",1769
"w10157282_HBR","water","water",1,"Read","bridge","Study2","F","Study Phase2","Recall2",19245
"10143815SK","","plant",1,"Read","cactus","Study2","F","Study Phase2","Recall2",8447
"w10062326CT","blossom","plant",1,"Read","cactus","Study2","F","Study Phase2","Recall2",2242
"w10085225L.S","scary","plant",1,"Read","cactus","Study2","F","Study Phase2","Recall2",5006
"w10133134_lpc","","plant",1,"Read","cactus","Study2","F","Study Phase2","Recall2",1866
"w10157282_HBR","plant","plant",1,"Read","cactus","Study2","F","Study Phase2","Recall2",21270
"10143815SK","","leg",1,"Read","cash","Study2","U","Study Phase2","Recall2",27723
"w10062326CT","leg","leg",1,"Read","cash","Study2","U","Study Phase2","Recall2",13911
"w10085225L.S","money","leg",1,"Read","cash","Study2","U","Study Phase2","Recall2",4305
"w10133134_lpc","","leg",1,"Read","cash","Study2","U","Study Phase2","Recall2",1504
"w10157282_HBR","leg","leg",1,"Read","cash","Study2","U","Study Phase2","Recall2",12220
"10143815SK","red","red",1,"Read","cherry","Study2","F","Study Phase2","Recall2",2673
"w10062326CT","tree","red",1,"Read","cherry","Study2","F","Study Phase2","Recall2",2153
"w10085225L.S","bloom","red",1,"Read","cherry","Study2","F","Study Phase2","Recall2",4511
"w10133134_lpc","red","red",1,"Read","cherry","Study2","F","Study Phase2","Recall2",2386
"w10157282_HBR","red","red",1,"Read","cherry","Study2","F","Study Phase2","Recall2",21181
"10143815SK","","cold",1,"Read","chill","Study2","F","Study Phase2","Recall2",1883
"w10062326CT","cold","cold",1,"Read","chill","Study2","F","Study Phase2","Recall2",3417
"w10085225L.S","cold","cold",1,"Read","chill","Study2","F","Study Phase2","Recall2",4149
"w10133134_lpc","cold","cold",1,"Read","chill","Study2","F","Study Phase2","Recall2",2529
"w10157282_HBR","cold","cold",1,"Read","chill","Study2","F","Study Phase2","Recall2",38417
"10143815SK","","hammer",1,"Read","chisel","Study2","F","Study Phase2","Recall2",4408
"w10062326CT","sand","hammer",1,"Read","chisel","Study2","F","Study Phase2","Recall2",4487
"w10085225L.S","idk","hammer",1,"Read","chisel","Study2","F","Study Phase2","Recall2",2678
"w10133134_lpc","hammer","hammer",1,"Read","chisel","Study2","F","Study Phase2","Recall2",2754
"w10157282_HBR","hammer","hammer",1,"Read","chisel","Study2","F","Study Phase2","Recall2",36464
"10143815SK","chip","cut",1,"Read","chop","Study2","F","Study Phase2","Recall2",4818
"w10062326CT","knife","cut",1,"Read","chop","Study2","F","Study Phase2","Recall2",2221
"w10085225L.S","cut","cut",1,"Read","chop","Study2","F","Study Phase2","Recall2",1896
"w10133134_lpc","crush","cut",1,"Read","chop","Study2","F","Study Phase2","Recall2",3476
"w10157282_HBR","cut","cut",1,"Read","chop","Study2","F","Study Phase2","Recall2",22146
"10143815SK","","business",1,"Read","death","Study2","U","Study Phase2","Recall2",13995
"w10062326CT","life","business",1,"Read","death","Study2","U","Study Phase2","Recall2",2078
"w10085225L.S","bones","business",1,"Read","death","Study2","U","Study Phase2","Recall2",10160
"w10133134_lpc","buisness","business",1,"Read","death","Study2","U","Study Phase2","Recall2",4232
"w10157282_HBR","business","business",1,"Read","death","Study2","U","Study Phase2","Recall2",23791
"10143815SK","sack","sack",1,"Read","dietary","Study2","U","Study Phase2","Recall2",5503
"w10062326CT","meal","sack",1,"Read","dietary","Study2","U","Study Phase2","Recall2",4734
"w10085225L.S","milk","sack",1,"Read","dietary","Study2","U","Study Phase2","Recall2",5290
"w10133134_lpc","sack","sack",1,"Read","dietary","Study2","U","Study Phase2","Recall2",4362
"w10157282_HBR","food","sack",1,"Read","dietary","Study2","U","Study Phase2","Recall2",35046
"10143815SK","paper","paper",1,"Read","document","Study2","F","Study Phase2","Recall2",3003
"w10062326CT","paper","paper",1,"Read","document","Study2","F","Study Phase2","Recall2",15129
"w10085225L.S","paper","paper",1,"Read","document","Study2","F","Study Phase2","Recall2",3304
"w10133134_lpc","","paper",1,"Read","document","Study2","F","Study Phase2","Recall2",3125
"w10157282_HBR","paper","paper",1,"Read","document","Study2","F","Study Phase2","Recall2",11976
"10143815SK","smell","smell",1,"Read","eyes","Study2","M","Study Phase2","Recall2",5084
"w10062326CT","smell","smell",1,"Read","eyes","Study2","M","Study Phase2","Recall2",14619
"w10085225L.S","blue","smell",1,"Read","eyes","Study2","M","Study Phase2","Recall2",9808
"w10133134_lpc","smell","smell",1,"Read","eyes","Study2","M","Study Phase2","Recall2",2287
"w10157282_HBR","nose","smell",1,"Read","eyes","Study2","M","Study Phase2","Recall2",64968
"10143815SK","","fight",1,"Read","feud","Study2","F","Study Phase2","Recall2",2346
"w10062326CT","family","fight",1,"Read","feud","Study2","F","Study Phase2","Recall2",2242
"w10085225L.S","family","fight",1,"Read","feud","Study2","F","Study Phase2","Recall2",3293
"w10133134_lpc","fight","fight",1,"Read","feud","Study2","F","Study Phase2","Recall2",2771
"w10157282_HBR","fight","fight",1,"Read","feud","Study2","F","Study Phase2","Recall2",3090
"10143815SK","roast","thigh",1,"Read","grill","Study2","M","Study Phase2","Recall2",5287
"w10062326CT","oven","thigh",1,"Read","grill","Study2","M","Study Phase2","Recall2",4315
"w10085225L.S","meat","thigh",1,"Read","grill","Study2","M","Study Phase2","Recall2",5761
"w10133134_lpc","","thigh",1,"Read","grill","Study2","M","Study Phase2","Recall2",1630
"w10157282_HBR","thigh","thigh",1,"Read","grill","Study2","M","Study Phase2","Recall2",5693
"10143815SK","","car",1,"Read","happy","Study2","U","Study Phase2","Recall2",11593
"w10062326CT","smile","car",1,"Read","happy","Study2","U","Study Phase2","Recall2",48867
"w10085225L.S","sad","car",1,"Read","happy","Study2","U","Study Phase2","Recall2",1973
"w10133134_lpc","","car",1,"Read","happy","Study2","U","Study Phase2","Recall2",3304
"w10157282_HBR","sad","car",1,"Read","happy","Study2","U","Study Phase2","Recall2",5271
"10143815SK","","feather",1,"Read","heavy","Study2","M","Study Phase2","Recall2",2390
"w10062326CT","feather","feather",1,"Read","heavy","Study2","M","Study Phase2","Recall2",30235
"w10085225L.S","light","feather",1,"Read","heavy","Study2","M","Study Phase2","Recall2",6136
"w10133134_lpc","feather","feather",1,"Read","heavy","Study2","M","Study Phase2","Recall2",5514
"w10157282_HBR","feather","feather",1,"Read","heavy","Study2","M","Study Phase2","Recall2",5036
"10143815SK","","cow",1,"Read","herd","Study2","F","Study Phase2","Recall2",1898
"w10062326CT","sheep","cow",1,"Read","herd","Study2","F","Study Phase2","Recall2",1893
"w10085225L.S","idk","cow",1,"Read","herd","Study2","F","Study Phase2","Recall2",2490
"w10133134_lpc","sheep","cow",1,"Read","herd","Study2","F","Study Phase2","Recall2",5031
"w10157282_HBR","cow","cow",1,"Read","herd","Study2","F","Study Phase2","Recall2",17627
"10143815SK","","sting",1,"Read","hornet","Study2","F","Study Phase2","Recall2",8033
"w10062326CT","sting","sting",1,"Read","hornet","Study2","F","Study Phase2","Recall2",8557
"w10085225L.S","nest","sting",1,"Read","hornet","Study2","F","Study Phase2","Recall2",2383
"w10133134_lpc","wasp","sting",1,"Read","hornet","Study2","F","Study Phase2","Recall2",3956
"w10157282_HBR","sting","sting",1,"Read","hornet","Study2","F","Study Phase2","Recall2",17392
"10143815SK","","smell",1,"Read","incense","Study2","F","Study Phase2","Recall2",8984
"w10062326CT","burn","smell",1,"Read","incense","Study2","F","Study Phase2","Recall2",1745
"w10085225L.S","good","smell",1,"Read","incense","Study2","F","Study Phase2","Recall2",3141
"w10133134_lpc","smell","smell",1,"Read","incense","Study2","F","Study Phase2","Recall2",2962
"w10157282_HBR","smell","smell",1,"Read","incense","Study2","F","Study Phase2","Recall2",26039
"10143815SK","","vase",1,"Read","king","Study2","U","Study Phase2","Recall2",1484
"w10062326CT","queen","vase",1,"Read","king","Study2","U","Study Phase2","Recall2",2168
"w10085225L.S","queen","vase",1,"Read","king","Study2","U","Study Phase2","Recall2",2767
"w10133134_lpc","","vase",1,"Read","king","Study2","U","Study Phase2","Recall2",1713
"w10157282_HBR","queen","vase",1,"Read","king","Study2","U","Study Phase2","Recall2",15198
"10143815SK","baseball","baseball",1,"Read","league","Study2","F","Study Phase2","Recall2",8436
"w10062326CT","baseball","baseball",1,"Read","league","Study2","F","Study Phase2","Recall2",24095
"w10085225L.S","baseball","baseball",1,"Read","league","Study2","F","Study Phase2","Recall2",4472
"w10133134_lpc","baseball","baseball",1,"Read","league","Study2","F","Study Phase2","Recall2",2861
"w10157282_HBR","baseball","baseball",1,"Read","league","Study2","F","Study Phase2","Recall2",17929
"10143815SK","greene","toil",1,"Read","lease","Study2","U","Study Phase2","Recall2",4966
"w10062326CT","contract","toil",1,"Read","lease","Study2","U","Study Phase2","Recall2",2602
"w10085225L.S","idk","toil",1,"Read","lease","Study2","U","Study Phase2","Recall2",2277
"w10133134_lpc","artery","toil",1,"Read","lease","Study2","U","Study Phase2","Recall2",4214
"w10157282_HBR","agreement","toil",1,"Read","lease","Study2","U","Study Phase2","Recall2",3220
"10143815SK","","children",1,"Read","mirror","Study2","U","Study Phase2","Recall2",8550
"w10062326CT","children","children",1,"Read","mirror","Study2","U","Study Phase2","Recall2",16005
"w10085225L.S","ugly","children",1,"Read","mirror","Study2","U","Study Phase2","Recall2",8394
"w10133134_lpc","","children",1,"Read","mirror","Study2","U","Study Phase2","Recall2",3041
"w10157282_HBR","reflection","children",1,"Read","mirror","Study2","U","Study Phase2","Recall2",21027
"10143815SK","lawyer","lawyer",1,"Read","nurse","Study2","M","Study Phase2","Recall2",5172
"w10062326CT","doctor","lawyer",1,"Read","nurse","Study2","M","Study Phase2","Recall2",1758
"w10085225L.S","doctor","lawyer",1,"Read","nurse","Study2","M","Study Phase2","Recall2",4171
"w10133134_lpc","lawyer","lawyer",1,"Read","nurse","Study2","M","Study Phase2","Recall2",3316
"w10157282_HBR","lawyer","lawyer",1,"Read","nurse","Study2","M","Study Phase2","Recall2",34184
"10143815SK","","basket",1,"Read","oven","Study2","M","Study Phase2","Recall2",4027
"w10062326CT","mitt","basket",1,"Read","oven","Study2","M","Study Phase2","Recall2",2250
"w10085225L.S","hot","basket",1,"Read","oven","Study2","M","Study Phase2","Recall2",3415
"w10133134_lpc","basket","basket",1,"Read","oven","Study2","M","Study Phase2","Recall2",3337
"w10157282_HBR","roasted","basket",1,"Read","oven","Study2","M","Study Phase2","Recall2",8999
"10143815SK","","collar",1,"Read","pants","Study2","M","Study Phase2","Recall2",3586
"w10062326CT","collar","collar",1,"Read","pants","Study2","M","Study Phase2","Recall2",27151
"w10085225L.S","flowers","collar",1,"Read","pants","Study2","M","Study Phase2","Recall2",5012
"w10133134_lpc","","collar",1,"Read","pants","Study2","M","Study Phase2","Recall2",2241
"w10157282_HBR","collar","collar",1,"Read","pants","Study2","M","Study Phase2","Recall2",9416
"10143815SK","","clutter",1,"Read","push","Study2","U","Study Phase2","Recall2",10817
"w10062326CT","pull","clutter",1,"Read","push","Study2","U","Study Phase2","Recall2",4600
"w10085225L.S","pull","clutter",1,"Read","push","Study2","U","Study Phase2","Recall2",4727
"w10133134_lpc","","clutter",1,"Read","push","Study2","U","Study Phase2","Recall2",1976
"w10157282_HBR","pull","clutter",1,"Read","push","Study2","U","Study Phase2","Recall2",7200
"10143815SK","","seed",1,"Read","rake","Study2","M","Study Phase2","Recall2",3621
"w10062326CT","seed","seed",1,"Read","rake","Study2","M","Study Phase2","Recall2",12379
"w10085225L.S","idk","seed",1,"Read","rake","Study2","M","Study Phase2","Recall2",11280
"w10133134_lpc","seed","seed",1,"Read","rake","Study2","M","Study Phase2","Recall2",2182
"w10157282_HBR","sew","seed",1,"Read","rake","Study2","M","Study Phase2","Recall2",27141
"10143815SK","back","muscle",1,"Read","razor","Study2","M","Study Phase2","Recall2",4443
"w10062326CT","burn","muscle",1,"Read","razor","Study2","M","Study Phase2","Recall2",1747
"w10085225L.S","burn","muscle",1,"Read","razor","Study2","M","Study Phase2","Recall2",5314
"w10133134_lpc","","muscle",1,"Read","razor","Study2","M","Study Phase2","Recall2",2055
"w10157282_HBR","muscle","muscle",1,"Read","razor","Study2","M","Study Phase2","Recall2",46899
"10143815SK","","island",1,"Read","reality","Study2","M","Study Phase2","Recall2",1602
"w10062326CT","dream","island",1,"Read","reality","Study2","M","Study Phase2","Recall2",10557
"w10085225L.S","fake","island",1,"Read","reality","Study2","M","Study Phase2","Recall2",11610
"w10133134_lpc","","island",1,"Read","reality","Study2","M","Study Phase2","Recall2",2595
"w10157282_HBR","island","island",1,"Read","reality","Study2","M","Study Phase2","Recall2",13431
"10143815SK","","stop",1,"Read","school","Study2","M","Study Phase2","Recall2",2114
"w10062326CT","student","stop",1,"Read","school","Study2","M","Study Phase2","Recall2",7320
"w10085225L.S","education","stop",1,"Read","school","Study2","M","Study Phase2","Recall2",9919
"w10133134_lpc","bus","stop",1,"Read","school","Study2","M","Study Phase2","Recall2",2487
"w10157282_HBR","stop","stop",1,"Read","school","Study2","M","Study Phase2","Recall2",6099
"10143815SK","","hide",1,"Read","sick","Study2","U","Study Phase2","Recall2",6021
"w10062326CT","well","hide",1,"Read","sick","Study2","U","Study Phase2","Recall2",6430
"w10085225L.S","health","hide",1,"Read","sick","Study2","U","Study Phase2","Recall2",8123
"w10133134_lpc","","hide",1,"Read","sick","Study2","U","Study Phase2","Recall2",1926
"w10157282_HBR","hide","hide",1,"Read","sick","Study2","U","Study Phase2","Recall2",14633
"10143815SK","drink","drink",1,"Read","soap","Study2","M","Study Phase2","Recall2",3383
"w10062326CT","dish","drink",1,"Read","soap","Study2","M","Study Phase2","Recall2",2021
"w10085225L.S","water","drink",1,"Read","soap","Study2","M","Study Phase2","Recall2",2986
"w10133134_lpc","","drink",1,"Read","soap","Study2","M","Study Phase2","Recall2",3266
"w10157282_HBR","clean","drink",1,"Read","soap","Study2","M","Study Phase2","Recall2",12874
"10143815SK","","accident",1,"Read","strong","Study2","U","Study Phase2","Recall2",3559
"w10062326CT","weak","accident",1,"Read","strong","Study2","U","Study Phase2","Recall2",17702
"w10085225L.S","weak","accident",1,"Read","strong","Study2","U","Study Phase2","Recall2",13799
"w10133134_lpc","feather","accident",1,"Read","strong","Study2","U","Study Phase2","Recall2",3298
"w10157282_HBR","weak","accident",1,"Read","strong","Study2","U","Study Phase2","Recall2",14252
"10143815SK","","riddle",1,"Read","sugar","Study2","U","Study Phase2","Recall2",1238
"w10062326CT","salt","riddle",1,"Read","sugar","Study2","U","Study Phase2","Recall2",2770
"w10085225L.S","drop","riddle",1,"Read","sugar","Study2","U","Study Phase2","Recall2",5100
"w10133134_lpc","","riddle",1,"Read","sugar","Study2","U","Study Phase2","Recall2",4195
"w10157282_HBR","riddle","riddle",1,"Read","sugar","Study2","U","Study Phase2","Recall2",23578
"10143815SK","winter","snow",1,"Read","summer","Study2","M","Study Phase2","Recall2",6757
"w10062326CT","winter","snow",1,"Read","summer","Study2","M","Study Phase2","Recall2",1948
"w10085225L.S","winter","snow",1,"Read","summer","Study2","M","Study Phase2","Recall2",6836
"w10133134_lpc","","snow",1,"Read","summer","Study2","M","Study Phase2","Recall2",3764
"w10157282_HBR","snow","snow",1,"Read","summer","Study2","M","Study Phase2","Recall2",34472
"10143815SK","putt","cave",1,"Read","trap","Study2","M","Study Phase2","Recall2",10226
"w10062326CT","cave","cave",1,"Read","trap","Study2","M","Study Phase2","Recall2",20188
"w10085225L.S","door","cave",1,"Read","trap","Study2","M","Study Phase2","Recall2",4860
"w10133134_lpc","cave","cave",1,"Read","trap","Study2","M","Study Phase2","Recall2",2372
"w10157282_HBR","catch","cave",1,"Read","trap","Study2","M","Study Phase2","Recall2",43208
"10143815SK","","peak",1,"Read","valley","Study2","M","Study Phase2","Recall2",11610
"w10062326CT","field","peak",1,"Read","valley","Study2","M","Study Phase2","Recall2",2046
"w10085225L.S","mountain","peak",1,"Read","valley","Study2","M","Study Phase2","Recall2",7095
"w10133134_lpc","peak","peak",1,"Read","valley","Study2","M","Study Phase2","Recall2",3279
"w10157282_HBR","peak","peak",1,"Read","valley","Study2","M","Study Phase2","Recall2",19921
"10143815SK","insect","bug",1,"Read","wasp","Study2","F","Study Phase2","Recall2",12790
"w10062326CT","sting","bug",1,"Read","wasp","Study2","F","Study Phase2","Recall2",1768
"w10085225L.S","idk","bug",1,"Read","wasp","Study2","F","Study Phase2","Recall2",61594
"w10133134_lpc","sting","bug",1,"Read","wasp","Study2","F","Study Phase2","Recall2",3200
"w10157282_HBR","bug","bug",1,"Read","wasp","Study2","F","Study Phase2","Recall2",5616
"10143815SK","","knob",1,"Read","window","Study2","M","Study Phase2","Recall2",8096
"w10062326CT","wall","knob",1,"Read","window","Study2","M","Study Phase2","Recall2",19005
"w10085225L.S","brake","knob",1,"Read","window","Study2","M","Study Phase2","Recall2",5552
"w10133134_lpc","","knob",1,"Read","window","Study2","M","Study Phase2","Recall2",2219
"w10157282_HBR","knob","knob",1,"Read","window","Study2","M","Study Phase2","Recall2",21594
"w10033523_hp","work","wolf",3,"Read","art","Study2","U","Study Phase","Recall1",2106
"w10057028_nfg","","wolf",3,"Read","art","Study2","U","Study Phase","Recall1",2985
"w10059334_IMV","pencil","wolf",3,"Read","art","Study2","U","Study Phase","Recall1",16182
"W10079507_CEE","piece ","wolf",3,"Read","art","Study2","U","Study Phase","Recall1",3128
"w10083877_dzw","","wolf",3,"Read","art","Study2","U","Study Phase","Recall1",4854
"w10151253_ES","wolf","wolf",3,"Read","art","Study2","U","Study Phase","Recall1",3261
"w10033523_hp","","bronze",3,"Read","artery","Study2","U","Study Phase","Recall1",11221
"w10057028_nfg","","bronze",3,"Read","artery","Study2","U","Study Phase","Recall1",3498
"w10059334_IMV","vein","bronze",3,"Read","artery","Study2","U","Study Phase","Recall1",6496
"W10079507_CEE","blood","bronze",3,"Read","artery","Study2","U","Study Phase","Recall1",2221
"w10083877_dzw","","bronze",3,"Read","artery","Study2","U","Study Phase","Recall1",7997
"w10151253_ES","rush","bronze",3,"Read","artery","Study2","U","Study Phase","Recall1",7935
"w10033523_hp","clothes","clothes",3,"Read","attire","Study2","F","Study Phase","Recall1",2734
"w10057028_nfg","clothes","clothes",3,"Read","attire","Study2","F","Study Phase","Recall1",3343
"w10059334_IMV","sharp","clothes",3,"Read","attire","Study2","F","Study Phase","Recall1",9737
"W10079507_CEE","shirt","clothes",3,"Read","attire","Study2","F","Study Phase","Recall1",2406
"w10083877_dzw","","clothes",3,"Read","attire","Study2","F","Study Phase","Recall1",6233
"w10151253_ES","choice","clothes",3,"Read","attire","Study2","F","Study Phase","Recall1",6854
"w10033523_hp","press","horn",3,"Read","bench","Study2","U","Study Phase","Recall1",2693
"w10057028_nfg","","horn",3,"Read","bench","Study2","U","Study Phase","Recall1",4015
"w10059334_IMV","press","horn",3,"Read","bench","Study2","U","Study Phase","Recall1",4717
"W10079507_CEE","cold ","horn",3,"Read","bench","Study2","U","Study Phase","Recall1",3217
"w10083877_dzw","horn","horn",3,"Read","bench","Study2","U","Study Phase","Recall1",5339
"w10151253_ES","mark","horn",3,"Read","bench","Study2","U","Study Phase","Recall1",3969
"w10033523_hp","fire","fire",3,"Read","blaze","Study2","F","Study Phase","Recall1",1735
"w10057028_nfg","fire","fire",3,"Read","blaze","Study2","F","Study Phase","Recall1",2160
"w10059334_IMV","sharp","fire",3,"Read","blaze","Study2","F","Study Phase","Recall1",5712
"W10079507_CEE","fire","fire",3,"Read","blaze","Study2","F","Study Phase","Recall1",1619
"w10083877_dzw","fire","fire",3,"Read","blaze","Study2","F","Study Phase","Recall1",3418
"w10151253_ES","cold","fire",3,"Read","blaze","Study2","F","Study Phase","Recall1",15107
"w10033523_hp","two","ounce",3,"Read","both","Study2","U","Study Phase","Recall1",2820
"w10057028_nfg","","ounce",3,"Read","both","Study2","U","Study Phase","Recall1",1139
"w10059334_IMV","separate ","ounce",3,"Read","both","Study2","U","Study Phase","Recall1",43487
"W10079507_CEE","neither","ounce",3,"Read","both","Study2","U","Study Phase","Recall1",1749
"w10083877_dzw","","ounce",3,"Read","both","Study2","U","Study Phase","Recall1",15401
"w10151253_ES","together","ounce",3,"Read","both","Study2","U","Study Phase","Recall1",15902
"w10033523_hp","water","water",3,"Read","bridge","Study2","F","Study Phase","Recall1",2086
"w10057028_nfg","water","water",3,"Read","bridge","Study2","F","Study Phase","Recall1",4056
"w10059334_IMV","water","water",3,"Read","bridge","Study2","F","Study Phase","Recall1",3933
"W10079507_CEE","water","water",3,"Read","bridge","Study2","F","Study Phase","Recall1",2063
"w10083877_dzw","water","water",3,"Read","bridge","Study2","F","Study Phase","Recall1",5208
"w10151253_ES","water","water",3,"Read","bridge","Study2","F","Study Phase","Recall1",3059
"w10033523_hp","plant","plant",3,"Read","cactus","Study2","F","Study Phase","Recall1",3008
"w10057028_nfg","plant","plant",3,"Read","cactus","Study2","F","Study Phase","Recall1",2204
"w10059334_IMV","needle","plant",3,"Read","cactus","Study2","F","Study Phase","Recall1",20750
"W10079507_CEE","plant","plant",3,"Read","cactus","Study2","F","Study Phase","Recall1",1945
"w10083877_dzw","plant","plant",3,"Read","cactus","Study2","F","Study Phase","Recall1",4883
"w10151253_ES","plant","plant",3,"Read","cactus","Study2","F","Study Phase","Recall1",3400
"w10033523_hp","money","leg",3,"Read","cash","Study2","U","Study Phase","Recall1",4455
"w10057028_nfg","","leg",3,"Read","cash","Study2","U","Study Phase","Recall1",4613
"w10059334_IMV","check","leg",3,"Read","cash","Study2","U","Study Phase","Recall1",3500
"W10079507_CEE","leg","leg",3,"Read","cash","Study2","U","Study Phase","Recall1",7159
"w10083877_dzw","","leg",3,"Read","cash","Study2","U","Study Phase","Recall1",5553
"w10151253_ES","wallet","leg",3,"Read","cash","Study2","U","Study Phase","Recall1",9909
"w10033523_hp","blossom","red",3,"Read","cherry","Study2","F","Study Phase","Recall1",3357
"w10057028_nfg","red","red",3,"Read","cherry","Study2","F","Study Phase","Recall1",1938
"w10059334_IMV","red","red",3,"Read","cherry","Study2","F","Study Phase","Recall1",4394
"W10079507_CEE","red","red",3,"Read","cherry","Study2","F","Study Phase","Recall1",4894
"w10083877_dzw","red","red",3,"Read","cherry","Study2","F","Study Phase","Recall1",3334
"w10151253_ES","red","red",3,"Read","cherry","Study2","F","Study Phase","Recall1",6569
"w10033523_hp","cold","cold",3,"Read","chill","Study2","F","Study Phase","Recall1",1960
"w10057028_nfg","","cold",3,"Read","chill","Study2","F","Study Phase","Recall1",3656
"w10059334_IMV","winter","cold",3,"Read","chill","Study2","F","Study Phase","Recall1",4394
"W10079507_CEE","cold ","cold",3,"Read","chill","Study2","F","Study Phase","Recall1",1639
"w10083877_dzw","cold","cold",3,"Read","chill","Study2","F","Study Phase","Recall1",3516
"w10151253_ES","bite","cold",3,"Read","chill","Study2","F","Study Phase","Recall1",8116
"w10033523_hp","tools","hammer",3,"Read","chisel","Study2","F","Study Phase","Recall1",3891
"w10057028_nfg","","hammer",3,"Read","chisel","Study2","F","Study Phase","Recall1",7063
"w10059334_IMV","wrench","hammer",3,"Read","chisel","Study2","F","Study Phase","Recall1",11541
"W10079507_CEE","stone ","hammer",3,"Read","chisel","Study2","F","Study Phase","Recall1",3557
"w10083877_dzw","hammer","hammer",3,"Read","chisel","Study2","F","Study Phase","Recall1",4429
"w10151253_ES","hammer","hammer",3,"Read","chisel","Study2","F","Study Phase","Recall1",2868
"w10033523_hp","food","cut",3,"Read","chop","Study2","F","Study Phase","Recall1",1985
"w10057028_nfg","cut","cut",3,"Read","chop","Study2","F","Study Phase","Recall1",4170
"w10059334_IMV","up","cut",3,"Read","chop","Study2","F","Study Phase","Recall1",5648
"W10079507_CEE","steak ","cut",3,"Read","chop","Study2","F","Study Phase","Recall1",3924
"w10083877_dzw","cut","cut",3,"Read","chop","Study2","F","Study Phase","Recall1",4165
"w10151253_ES","menu","cut",3,"Read","chop","Study2","F","Study Phase","Recall1",8420
"w10033523_hp","bed","business",3,"Read","death","Study2","U","Study Phase","Recall1",1719
"w10057028_nfg","","business",3,"Read","death","Study2","U","Study Phase","Recall1",3374
"w10059334_IMV","light","business",3,"Read","death","Study2","U","Study Phase","Recall1",4614
"W10079507_CEE","pain ","business",3,"Read","death","Study2","U","Study Phase","Recall1",6243
"w10083877_dzw","business","business",3,"Read","death","Study2","U","Study Phase","Recall1",17478
"w10151253_ES","business","business",3,"Read","death","Study2","U","Study Phase","Recall1",13212
"w10033523_hp","restrictions","sack",3,"Read","dietary","Study2","U","Study Phase","Recall1",9322
"w10057028_nfg","snack","sack",3,"Read","dietary","Study2","U","Study Phase","Recall1",2792
"w10059334_IMV","pill","sack",3,"Read","dietary","Study2","U","Study Phase","Recall1",29511
"W10079507_CEE","fiber ","sack",3,"Read","dietary","Study2","U","Study Phase","Recall1",5449
"w10083877_dzw","","sack",3,"Read","dietary","Study2","U","Study Phase","Recall1",6766
"w10151253_ES","eat","sack",3,"Read","dietary","Study2","U","Study Phase","Recall1",7576
"w10033523_hp","paper","paper",3,"Read","document","Study2","F","Study Phase","Recall1",1743
"w10057028_nfg","","paper",3,"Read","document","Study2","F","Study Phase","Recall1",1268
"w10059334_IMV","paper","paper",3,"Read","document","Study2","F","Study Phase","Recall1",5551
"W10079507_CEE","paper ","paper",3,"Read","document","Study2","F","Study Phase","Recall1",11849
"w10083877_dzw","sign","paper",3,"Read","document","Study2","F","Study Phase","Recall1",7326
"w10151253_ES","paper","paper",3,"Read","document","Study2","F","Study Phase","Recall1",2744
"w10033523_hp","mouth","smell",3,"Read","eyes","Study2","M","Study Phase","Recall1",1878
"w10057028_nfg","smell","smell",3,"Read","eyes","Study2","M","Study Phase","Recall1",2598
"w10059334_IMV","see","smell",3,"Read","eyes","Study2","M","Study Phase","Recall1",6257
"W10079507_CEE","sight ","smell",3,"Read","eyes","Study2","M","Study Phase","Recall1",5290
"w10083877_dzw","smell","smell",3,"Read","eyes","Study2","M","Study Phase","Recall1",3881
"w10151253_ES","open","smell",3,"Read","eyes","Study2","M","Study Phase","Recall1",5114
"w10033523_hp","family","fight",3,"Read","feud","Study2","F","Study Phase","Recall1",4509
"w10057028_nfg","fight","fight",3,"Read","feud","Study2","F","Study Phase","Recall1",3970
"w10059334_IMV","fight","fight",3,"Read","feud","Study2","F","Study Phase","Recall1",8855
"W10079507_CEE","fight","fight",3,"Read","feud","Study2","F","Study Phase","Recall1",1763
"w10083877_dzw","fight","fight",3,"Read","feud","Study2","F","Study Phase","Recall1",3834
"w10151253_ES","fight","fight",3,"Read","feud","Study2","F","Study Phase","Recall1",3084
"w10033523_hp","fire","thigh",3,"Read","grill","Study2","M","Study Phase","Recall1",3919
"w10057028_nfg","thigh","thigh",3,"Read","grill","Study2","M","Study Phase","Recall1",4105
"w10059334_IMV","fire","thigh",3,"Read","grill","Study2","M","Study Phase","Recall1",8533
"W10079507_CEE","meat","thigh",3,"Read","grill","Study2","M","Study Phase","Recall1",1806
"w10083877_dzw","thigh","thigh",3,"Read","grill","Study2","M","Study Phase","Recall1",6736
"w10151253_ES","thigh","thigh",3,"Read","grill","Study2","M","Study Phase","Recall1",3895
"w10033523_hp","day","car",3,"Read","happy","Study2","U","Study Phase","Recall1",3763
"w10057028_nfg","","car",3,"Read","happy","Study2","U","Study Phase","Recall1",3451
"w10059334_IMV","healthy","car",3,"Read","happy","Study2","U","Study Phase","Recall1",4257
"W10079507_CEE","car","car",3,"Read","happy","Study2","U","Study Phase","Recall1",1694
"w10083877_dzw","sad","car",3,"Read","happy","Study2","U","Study Phase","Recall1",7411
"w10151253_ES","game","car",3,"Read","happy","Study2","U","Study Phase","Recall1",7810
"w10033523_hp","","feather",3,"Read","heavy","Study2","M","Study Phase","Recall1",2259
"w10057028_nfg","","feather",3,"Read","heavy","Study2","M","Study Phase","Recall1",1150
"w10059334_IMV","light","feather",3,"Read","heavy","Study2","M","Study Phase","Recall1",4671
"W10079507_CEE","feather ","feather",3,"Read","heavy","Study2","M","Study Phase","Recall1",4101
"w10083877_dzw","","feather",3,"Read","heavy","Study2","M","Study Phase","Recall1",4489
"w10151253_ES","burden","feather",3,"Read","heavy","Study2","M","Study Phase","Recall1",5918
"w10033523_hp","cattle","cow",3,"Read","herd","Study2","F","Study Phase","Recall1",2230
"w10057028_nfg","cow","cow",3,"Read","herd","Study2","F","Study Phase","Recall1",3567
"w10059334_IMV","sheep","cow",3,"Read","herd","Study2","F","Study Phase","Recall1",4329
"W10079507_CEE","cow","cow",3,"Read","herd","Study2","F","Study Phase","Recall1",2035
"w10083877_dzw","cow","cow",3,"Read","herd","Study2","F","Study Phase","Recall1",5879
"w10151253_ES","cattle","cow",3,"Read","herd","Study2","F","Study Phase","Recall1",4184
"w10033523_hp","wasp","sting",3,"Read","hornet","Study2","F","Study Phase","Recall1",1962
"w10057028_nfg","sting","sting",3,"Read","hornet","Study2","F","Study Phase","Recall1",5542
"w10059334_IMV","nest","sting",3,"Read","hornet","Study2","F","Study Phase","Recall1",5266
"W10079507_CEE","sting","sting",3,"Read","hornet","Study2","F","Study Phase","Recall1",1750
"w10083877_dzw","sting","sting",3,"Read","hornet","Study2","F","Study Phase","Recall1",4949
"w10151253_ES","sting","sting",3,"Read","hornet","Study2","F","Study Phase","Recall1",14282
"w10033523_hp","smell","smell",3,"Read","incense","Study2","F","Study Phase","Recall1",3214
"w10057028_nfg","smell","smell",3,"Read","incense","Study2","F","Study Phase","Recall1",5825
"w10059334_IMV","smell","smell",3,"Read","incense","Study2","F","Study Phase","Recall1",5600
"W10079507_CEE","smell","smell",3,"Read","incense","Study2","F","Study Phase","Recall1",2401
"w10083877_dzw","smell","smell",3,"Read","incense","Study2","F","Study Phase","Recall1",7483
"w10151253_ES","smell","smell",3,"Read","incense","Study2","F","Study Phase","Recall1",3056
"w10033523_hp","vase","vase",3,"Read","king","Study2","U","Study Phase","Recall1",7435
"w10057028_nfg","servant","vase",3,"Read","king","Study2","U","Study Phase","Recall1",6177
"w10059334_IMV","chair","vase",3,"Read","king","Study2","U","Study Phase","Recall1",33733
"W10079507_CEE","crown","vase",3,"Read","king","Study2","U","Study Phase","Recall1",2265
"w10083877_dzw","vase","vase",3,"Read","king","Study2","U","Study Phase","Recall1",5327
"w10151253_ES","crown","vase",3,"Read","king","Study2","U","Study Phase","Recall1",8799
"w10033523_hp","baseball","baseball",3,"Read","league","Study2","F","Study Phase","Recall1",2081
"w10057028_nfg","baseball","baseball",3,"Read","league","Study2","F","Study Phase","Recall1",4560
"w10059334_IMV","ball","baseball",3,"Read","league","Study2","F","Study Phase","Recall1",5328
"W10079507_CEE","ball","baseball",3,"Read","league","Study2","F","Study Phase","Recall1",4441
"w10083877_dzw","baseball","baseball",3,"Read","league","Study2","F","Study Phase","Recall1",4805
"w10151253_ES","baseball","baseball",3,"Read","league","Study2","F","Study Phase","Recall1",4422
"w10033523_hp","","toil",3,"Read","lease","Study2","U","Study Phase","Recall1",1761
"w10057028_nfg","","toil",3,"Read","lease","Study2","U","Study Phase","Recall1",1607
"w10059334_IMV","agree","toil",3,"Read","lease","Study2","U","Study Phase","Recall1",10544
"W10079507_CEE","house","toil",3,"Read","lease","Study2","U","Study Phase","Recall1",3193
"w10083877_dzw","","toil",3,"Read","lease","Study2","U","Study Phase","Recall1",5286
"w10151253_ES","sell","toil",3,"Read","lease","Study2","U","Study Phase","Recall1",8006
"w10033523_hp","","children",3,"Read","mirror","Study2","U","Study Phase","Recall1",3257
"w10057028_nfg","","children",3,"Read","mirror","Study2","U","Study Phase","Recall1",1474
"w10059334_IMV","reflect","children",3,"Read","mirror","Study2","U","Study Phase","Recall1",21715
"W10079507_CEE","children ","children",3,"Read","mirror","Study2","U","Study Phase","Recall1",2112
"w10083877_dzw","children","children",3,"Read","mirror","Study2","U","Study Phase","Recall1",5485
"w10151253_ES","glass","children",3,"Read","mirror","Study2","U","Study Phase","Recall1",6877
"w10033523_hp","lawyer","lawyer",3,"Read","nurse","Study2","M","Study Phase","Recall1",2236
"w10057028_nfg","","lawyer",3,"Read","nurse","Study2","M","Study Phase","Recall1",4612
"w10059334_IMV","aid","lawyer",3,"Read","nurse","Study2","M","Study Phase","Recall1",10897
"W10079507_CEE","doctor ","lawyer",3,"Read","nurse","Study2","M","Study Phase","Recall1",8129
"w10083877_dzw","lawyer","lawyer",3,"Read","nurse","Study2","M","Study Phase","Recall1",4480
"w10151253_ES","lawyer","lawyer",3,"Read","nurse","Study2","M","Study Phase","Recall1",3636
"w10033523_hp","mit","basket",3,"Read","oven","Study2","M","Study Phase","Recall1",1666
"w10057028_nfg","","basket",3,"Read","oven","Study2","M","Study Phase","Recall1",5042
"w10059334_IMV","hot","basket",3,"Read","oven","Study2","M","Study Phase","Recall1",4556
"W10079507_CEE","mitt","basket",3,"Read","oven","Study2","M","Study Phase","Recall1",1755
"w10083877_dzw","","basket",3,"Read","oven","Study2","M","Study Phase","Recall1",5782
"w10151253_ES","time","basket",3,"Read","oven","Study2","M","Study Phase","Recall1",7260
"w10033523_hp","","collar",3,"Read","pants","Study2","M","Study Phase","Recall1",3358
"w10057028_nfg","shirts","collar",3,"Read","pants","Study2","M","Study Phase","Recall1",4992
"w10059334_IMV","on","collar",3,"Read","pants","Study2","M","Study Phase","Recall1",9623
"W10079507_CEE","shorts","collar",3,"Read","pants","Study2","M","Study Phase","Recall1",23106
"w10083877_dzw","collar","collar",3,"Read","pants","Study2","M","Study Phase","Recall1",4346
"w10151253_ES","leg","collar",3,"Read","pants","Study2","M","Study Phase","Recall1",10492
"w10033523_hp","shove","clutter",3,"Read","push","Study2","U","Study Phase","Recall1",2053
"w10057028_nfg","shove","clutter",3,"Read","push","Study2","U","Study Phase","Recall1",4949
"w10059334_IMV","pull","clutter",3,"Read","push","Study2","U","Study Phase","Recall1",3454
"W10079507_CEE","pull ","clutter",3,"Read","push","Study2","U","Study Phase","Recall1",3760
"w10083877_dzw","clutter","clutter",3,"Read","push","Study2","U","Study Phase","Recall1",7857
"w10151253_ES","cliff","clutter",3,"Read","push","Study2","U","Study Phase","Recall1",6206
"w10033523_hp","shed","seed",3,"Read","rake","Study2","M","Study Phase","Recall1",2534
"w10057028_nfg","leaves","seed",3,"Read","rake","Study2","M","Study Phase","Recall1",2720
"w10059334_IMV","leaves","seed",3,"Read","rake","Study2","M","Study Phase","Recall1",3768
"W10079507_CEE","leaf","seed",3,"Read","rake","Study2","M","Study Phase","Recall1",1633
"w10083877_dzw","","seed",3,"Read","rake","Study2","M","Study Phase","Recall1",7751
"w10151253_ES","leaf","seed",3,"Read","rake","Study2","M","Study Phase","Recall1",4312
"w10033523_hp","blad","muscle",3,"Read","razor","Study2","M","Study Phase","Recall1",1890
"w10057028_nfg","","muscle",3,"Read","razor","Study2","M","Study Phase","Recall1",3465
"w10059334_IMV","sharp","muscle",3,"Read","razor","Study2","M","Study Phase","Recall1",3895
"W10079507_CEE","sharp ","muscle",3,"Read","razor","Study2","M","Study Phase","Recall1",3024
"w10083877_dzw","muscle","muscle",3,"Read","razor","Study2","M","Study Phase","Recall1",5933
"w10151253_ES","meat","muscle",3,"Read","razor","Study2","M","Study Phase","Recall1",10212
"w10033523_hp","television","island",3,"Read","reality","Study2","M","Study Phase","Recall1",6724
"w10057028_nfg","island","island",3,"Read","reality","Study2","M","Study Phase","Recall1",4574
"w10059334_IMV","island","island",3,"Read","reality","Study2","M","Study Phase","Recall1",5164
"W10079507_CEE","show ","island",3,"Read","reality","Study2","M","Study Phase","Recall1",5340
"w10083877_dzw","show","island",3,"Read","reality","Study2","M","Study Phase","Recall1",9059
"w10151253_ES","fake","island",3,"Read","reality","Study2","M","Study Phase","Recall1",4118
"w10033523_hp","","stop",3,"Read","school","Study2","M","Study Phase","Recall1",2000
"w10057028_nfg","stop","stop",3,"Read","school","Study2","M","Study Phase","Recall1",2348
"w10059334_IMV","stop","stop",3,"Read","school","Study2","M","Study Phase","Recall1",4363
"W10079507_CEE","stop ","stop",3,"Read","school","Study2","M","Study Phase","Recall1",1984
"w10083877_dzw","stop","stop",3,"Read","school","Study2","M","Study Phase","Recall1",3608
"w10151253_ES","stop","stop",3,"Read","school","Study2","M","Study Phase","Recall1",5028
"w10033523_hp","cold","hide",3,"Read","sick","Study2","U","Study Phase","Recall1",2219
"w10057028_nfg","weak","hide",3,"Read","sick","Study2","U","Study Phase","Recall1",8511
"w10059334_IMV","cold","hide",3,"Read","sick","Study2","U","Study Phase","Recall1",7732
"W10079507_CEE","cough","hide",3,"Read","sick","Study2","U","Study Phase","Recall1",1881
"w10083877_dzw","hide","hide",3,"Read","sick","Study2","U","Study Phase","Recall1",5886
"w10151253_ES","leave","hide",3,"Read","sick","Study2","U","Study Phase","Recall1",5551
"w10033523_hp","bar","drink",3,"Read","soap","Study2","M","Study Phase","Recall1",1195
"w10057028_nfg","","drink",3,"Read","soap","Study2","M","Study Phase","Recall1",1762
"w10059334_IMV","wash","drink",3,"Read","soap","Study2","M","Study Phase","Recall1",26191
"W10079507_CEE","box ","drink",3,"Read","soap","Study2","M","Study Phase","Recall1",2029
"w10083877_dzw","","drink",3,"Read","soap","Study2","M","Study Phase","Recall1",4967
"w10151253_ES","clean","drink",3,"Read","soap","Study2","M","Study Phase","Recall1",3358
"w10033523_hp","weak","accident",3,"Read","strong","Study2","U","Study Phase","Recall1",2001
"w10057028_nfg","","accident",3,"Read","strong","Study2","U","Study Phase","Recall1",4082
"w10059334_IMV","muscle","accident",3,"Read","strong","Study2","U","Study Phase","Recall1",39938
"W10079507_CEE","feather ","accident",3,"Read","strong","Study2","U","Study Phase","Recall1",2515
"w10083877_dzw","muscle","accident",3,"Read","strong","Study2","U","Study Phase","Recall1",9517
"w10151253_ES","idea","accident",3,"Read","strong","Study2","U","Study Phase","Recall1",9758
"w10033523_hp","spice","riddle",3,"Read","sugar","Study2","U","Study Phase","Recall1",1618
"w10057028_nfg","","riddle",3,"Read","sugar","Study2","U","Study Phase","Recall1",1906
"w10059334_IMV","salt","riddle",3,"Read","sugar","Study2","U","Study Phase","Recall1",4685
"W10079507_CEE","sweet","riddle",3,"Read","sugar","Study2","U","Study Phase","Recall1",1981
"w10083877_dzw","sweet","riddle",3,"Read","sugar","Study2","U","Study Phase","Recall1",6037
"w10151253_ES","sweet","riddle",3,"Read","sugar","Study2","U","Study Phase","Recall1",4189
"w10033523_hp","snow","snow",3,"Read","summer","Study2","M","Study Phase","Recall1",7953
"w10057028_nfg","snow","snow",3,"Read","summer","Study2","M","Study Phase","Recall1",5530
"w10059334_IMV","winter","snow",3,"Read","summer","Study2","M","Study Phase","Recall1",7018
"W10079507_CEE","june ","snow",3,"Read","summer","Study2","M","Study Phase","Recall1",2487
"w10083877_dzw","snow","snow",3,"Read","summer","Study2","M","Study Phase","Recall1",5309
"w10151253_ES","fun","snow",3,"Read","summer","Study2","M","Study Phase","Recall1",9266
"w10033523_hp","door","cave",3,"Read","trap","Study2","M","Study Phase","Recall1",2475
"w10057028_nfg","","cave",3,"Read","trap","Study2","M","Study Phase","Recall1",2874
"w10059334_IMV","release","cave",3,"Read","trap","Study2","M","Study Phase","Recall1",35875
"W10079507_CEE","song ","cave",3,"Read","trap","Study2","M","Study Phase","Recall1",3568
"w10083877_dzw","door","cave",3,"Read","trap","Study2","M","Study Phase","Recall1",5597
"w10151253_ES","cave","cave",3,"Read","trap","Study2","M","Study Phase","Recall1",3604
"w10033523_hp","woods","peak",3,"Read","valley","Study2","M","Study Phase","Recall1",5221
"w10057028_nfg","peak","peak",3,"Read","valley","Study2","M","Study Phase","Recall1",5246
"w10059334_IMV","peak","peak",3,"Read","valley","Study2","M","Study Phase","Recall1",8711
"W10079507_CEE","cart ","peak",3,"Read","valley","Study2","M","Study Phase","Recall1",4473
"w10083877_dzw","peak","peak",3,"Read","valley","Study2","M","Study Phase","Recall1",3430
"w10151253_ES","open","peak",3,"Read","valley","Study2","M","Study Phase","Recall1",5273
"w10033523_hp","hornet","bug",3,"Read","wasp","Study2","F","Study Phase","Recall1",1855
"w10057028_nfg","bug","bug",3,"Read","wasp","Study2","F","Study Phase","Recall1",2485
"w10059334_IMV","sting","bug",3,"Read","wasp","Study2","F","Study Phase","Recall1",20156
"W10079507_CEE","hornet","bug",3,"Read","wasp","Study2","F","Study Phase","Recall1",2014
"w10083877_dzw","bug","bug",3,"Read","wasp","Study2","F","Study Phase","Recall1",3576
"w10151253_ES","insect","bug",3,"Read","wasp","Study2","F","Study Phase","Recall1",5079
"w10033523_hp","glass","knob",3,"Read","window","Study2","M","Study Phase","Recall1",2290
"w10057028_nfg","knob","knob",3,"Read","window","Study2","M","Study Phase","Recall1",3589
"w10059334_IMV","clear","knob",3,"Read","window","Study2","M","Study Phase","Recall1",17837
"W10079507_CEE","cling","knob",3,"Read","window","Study2","M","Study Phase","Recall1",3327
"w10083877_dzw","knob","knob",3,"Read","window","Study2","M","Study Phase","Recall1",6499
"w10151253_ES","through","knob",3,"Read","window","Study2","M","Study Phase","Recall1",14521
